species,iucn_sid,taxon
abyssobrotula galatheae,60469175,Bony fishes
acanthephyra acutifrons,NA,Crustaceans
acanthephyra armata,NA,Crustaceans
acanthephyra brevirostris,NA,Crustaceans
acanthephyra carinata,NA,Crustaceans
acanthephyra cucullata,NA,Crustaceans
acanthephyra curtirostris,NA,Crustaceans
acanthephyra eximia,NA,Crustaceans
acanthephyra pelagica,NA,Crustaceans
acanthephyra purpurea,NA,Crustaceans
acanthephyra stylorostratis,NA,Crustaceans
acanthodoris pilosa,NA,Molluscs
acantholabrus palloni,186106,Bony fishes
acantholithodes hispidus,NA,Crustaceans
acantholumpenus mackayi,NA,Bony fishes
acanthopsetta nadeshnyi,158624465,Bony fishes
acanthostepheia malmgreni,NA,Crustaceans
acarnus erithacus,NA,Sponges
aceroides latipes,NA,Crustaceans
achelia alaskensis,NA,Crustaceans
achelia assimilis,NA,Crustaceans
achelia borealis,NA,Crustaceans
achelia echinata,NA,Crustaceans
achelia latifrons,NA,Crustaceans
achelia pribilofensis,NA,Crustaceans
achelia spinosa,NA,Crustaceans
acipenser medirostris,233,Bony fishes
acipenser sturio,230,Bony fishes
acirsa borealis,NA,Molluscs
acrocnida brachiata,NA,Echinoderms
acteocina culcitella,NA,Molluscs
actinia equina,NA,Corals and anemones
actinostola abyssorum,NA,Corals and anemones
actinostola callosa,NA,Corals and anemones
adalaria proxima,NA,Molluscs
adelosebastes latens,NA,Bony fishes
admete viridula,NA,Molluscs
aega psora,NA,Crustaceans
aeginella spinosa,NA,Crustaceans
aeginina longicornis,NA,Crustaceans
aegiochus antarctica,NA,Crustaceans
aeolidia papillosa,NA,Molluscs
aeropsis fulva,NA,Echinoderms
aethia cristatella,22694915,Seabirds
aethia psittacula,22694906,Seabirds
aethia pusilla,22694921,Seabirds
aethia pygmaea,22694918,Seabirds
aglaophamus elamellatus,NA,Polychaetes
aglaophamus malmgreni,NA,Polychaetes
agonomalus proboscidalis,NA,Bony fishes
agononida normani,NA,Crustaceans
agononida procera,NA,Crustaceans
agononida variabilis,NA,Crustaceans
agonopsis vulsa,NA,Bony fishes
agonus cataphractus,18227168,Bony fishes
agriopoma morrhuanum,NA,Molluscs
akanthophoreus gracilis,NA,Crustaceans
albatrossia pectoralis,NA,Bony fishes
alca torda,22694852,Seabirds
aldisa zetlandica,NA,Molluscs
aldrovandia affinis,190356,Bony fishes
aldrovandia phalacra,195838,Bony fishes
alectrias alectrolophus,NA,Bony fishes
alectrias benjamini,NA,Bony fishes
alepisaurus brevirostris,60469186,Bony fishes
alepisaurus ferox,154820,Bony fishes
alepocephalus agassizii,15147715,Bony fishes
alepocephalus bairdii,15147740,Bony fishes
alepocephalus bicolor,NA,Bony fishes
alepocephalus longirostris,NA,Bony fishes
alepocephalus rostratus,198626,Bony fishes
alle alle,22694837,Seabirds
allocareproctus jordani,NA,Bony fishes
allocareproctus tanix,NA,Bony fishes
allocareproctus unangas,NA,Bony fishes
allocyttus folletti,NA,Bony fishes
allosergestes pestafer,NA,Crustaceans
allosergestes sargassi,NA,Crustaceans
alopias vulpinus,39339,Elasmobranchs
alosa fallax,NA,Bony fishes
alosa sapidissima,191206,Bony fishes
alpheus macroskeles,NA,Crustaceans
altelatipes carinatus,NA,Crustaceans
alvania cancellata,NA,Molluscs
alvania pseudoareolata,NA,Molluscs
alvania punctura,NA,Molluscs
alvania scrobiculata,NA,Molluscs
amaeana trilobata,NA,Polychaetes
amauropsis islandica,NA,Molluscs
amblyraja badia,161452,Elasmobranchs
amblyraja hyperborea,63119,Elasmobranchs
amblyraja jenseni,161491,Elasmobranchs
amblyraja radiata,161542,Elasmobranchs
ammodytes dubius,NA,Bony fishes
ammodytes hexapterus,NA,Bony fishes
ammodytes marinus,NA,Bony fishes
ammodytes personatus,NA,Bony fishes
ammodytes tobianus,18155960,Bony fishes
ammothella longipes,NA,Crustaceans
ampelisca abdita,NA,Crustaceans
ampelisca aequicornis,NA,Crustaceans
ampelisca agassizi,NA,Crustaceans
ampelisca brevicornis,NA,Crustaceans
ampelisca declivitatis,NA,Crustaceans
ampelisca spinipes,NA,Crustaceans
ampharete borealis,NA,Polychaetes
ampharete finmarchica,NA,Polychaetes
ampharete octocirrata,NA,Polychaetes
ampheraster marianus,NA,Echinoderms
amphicteis gunneri,NA,Polychaetes
amphilectus digitatus,NA,Sponges
amphilectus fucorum,NA,Sponges
amphiodia occidentalis,NA,Echinoderms
amphiodia periercta,NA,Echinoderms
amphiodia urtica,NA,Echinoderms
amphiophiura sordida,NA,Echinoderms
amphiophiura superba,NA,Echinoderms
amphioplus macraspis,NA,Echinoderms
amphipholis pugetana,NA,Echinoderms
amphipholis squamata,NA,Echinoderms
amphisamytha galapagensis,NA,Polychaetes
amphissa versicolor,NA,Molluscs
amphitrite cirrata,NA,Polychaetes
amphiura carchara,NA,Echinoderms
amphiura chiajei,NA,Echinoderms
amphiura diomedeae,NA,Echinoderms
amphiura filiformis,NA,Echinoderms
amphiura securigera,NA,Echinoderms
amphiura sundevalli,NA,Echinoderms
ampithoe longimana,NA,Crustaceans
anapagurus laevis,NA,Crustaceans
anarhichas denticulatus,NA,Bony fishes
anarhichas lupus,NA,Bony fishes
anarhichas minor,NA,Bony fishes
anarhichas orientalis,NA,Bony fishes
anarrhichthys ocellatus,159099689,Bony fishes
anchialina agilis,NA,Crustaceans
ancistrosyllis groenlandica,NA,Polychaetes
anemonia viridis,NA,Corals and anemones
anguilla anguilla,60344,Bony fishes
anisarchus macrops,NA,Bony fishes
anisarchus medius,NA,Bony fishes
anobothrus gracilis,NA,Polychaetes
anoplagonus inermis,NA,Bony fishes
anoplagonus occidentalis,NA,Bony fishes
anoplarchus insignis,NA,Bony fishes
anoplarchus purpurescens,NA,Bony fishes
anoplodactylus petiolatus,NA,Crustaceans
anoplodactylus typhlops,NA,Crustaceans
anoplodactylus virescens,NA,Crustaceans
anoplogaster cornuta,18123960,Bony fishes
anoplopoma fimbria,NA,Bony fishes
anotopterus nikparini,123321057,Bony fishes
anotopterus pharao,18123632,Bony fishes
anseropoda placenta,NA,Echinoderms
antedon bifida,NA,Echinoderms
anthopleura artemisia,NA,Corals and anemones
anthopleura thallia,NA,Corals and anemones
anthosactis janmayeni,NA,Corals and anemones
antimora microlepis,155287,Bony fishes
antimora rostrata,190385,Bony fishes
aonides oxycephala,NA,Polychaetes
aonides paucibranchiata,NA,Polychaetes
aphanopus arigato,NA,Bony fishes
aphanopus carbo,18179793,Bony fishes
aphelochaeta filiformis,NA,Polychaetes
aphelochaeta marioni,NA,Polychaetes
aphia minuta,NA,Bony fishes
aphyonus gelatinosus,57453548,Bony fishes
aplysilla sulfurea,NA,Sponges
apomatus globifer,NA,Polychaetes
aporrhais pespelecani,NA,Molluscs
apostichopus californicus,180436,Echinoderms
apristurus aphyodes,44207,Elasmobranchs
apristurus brunneus,44209,Elasmobranchs
apristurus laurussonii,44216,Elasmobranchs
apristurus melanoasper,42700,Elasmobranchs
apristurus profundorum,44224,Elasmobranchs
apseudes grossimanus,NA,Crustaceans
apseudes spinosus,NA,Crustaceans
aptocyclus ventricosus,NA,Bony fishes
arabella iricolor,NA,Polychaetes
archistes biseriatus,NA,Bony fishes
archosargus probatocephalus,170223,Bony fishes
arctogadus glacialis,NA,Bony fishes
arctoscopus japonicus,NA,Bony fishes
arctozenus risso,194997,Bony fishes
arcturus baffini,NA,Crustaceans
argentina kagoshimae,NA,Bony fishes
argentina sphyraena,NA,Bony fishes
argonauta argo,163080,Cephalopods
argyrocottus zanderi,NA,Bony fishes
argyropelecus lychnus,137468437,Bony fishes
argyropelecus olfersii,18253287,Bony fishes
argyrosomus regius,198706,Bony fishes
ariadnaria borealis,NA,Molluscs
aricidea lopezi,NA,Polychaetes
ariosoma mauritianum,199220,Bony fishes
arnoglossus brunneus,155149,Bony fishes
arnoglossus laterna,198724,Bony fishes
arrhis phyllonyx,NA,Crustaceans
artediellus atlanticus,NA,Bony fishes
artediellus pacificus,NA,Bony fishes
artediellus scaber,NA,Bony fishes
artediellus uncinatus,NA,Bony fishes
artedius fenestralis,NA,Bony fishes
artedius lateralis,NA,Bony fishes
asbestopluma pennatula,NA,Sponges
asclerocheilus beringianus,NA,Polychaetes
ascorhynchus abyssi,NA,Crustaceans
ascorhynchus japonicum,NA,Crustaceans
aspidophoroides monopterygius,NA,Bony fishes
aspidophoroides olrikii,NA,Bony fishes
asquamiceps hjorti,15147791,Bony fishes
astacilla granulata,NA,Crustaceans
astacilla intermedia,NA,Crustaceans
astacilla longicornis,NA,Crustaceans
asterias rubens,NA,Echinoderms
asterina gibbosa,NA,Echinoderms
asteronyx loveni,NA,Echinoderms
asteroschema sublaeve,NA,Echinoderms
astronesthes atlanticus,190373,Bony fishes
astronesthes fedorovi,137469231,Bony fishes
astronesthes gemmifer,18256447,Bony fishes
astronesthes richardsoni,154815,Bony fishes
astropecten irregularis,NA,Echinoderms
astyris rosacea,NA,Molluscs
atelecyclus rotundatus,NA,Crustaceans
atheresthes evermanni,158624557,Bony fishes
atheresthes stomias,158624714,Bony fishes
atrophacanthus japonicus,NA,Bony fishes
austinograea alayseae,NA,Crustaceans
austinograea williamsi,NA,Crustaceans
austrofilius furcatus,NA,Crustaceans
avocettina acuticeps,NA,Bony fishes
avocettina infans,190350,Bony fishes
axinella rugosa,NA,Sponges
aythya marila,22680398,Seabirds
bajacalifornia calcarata,57453743,Bony fishes
bajacalifornia megalops,15147816,Bony fishes
balaena mysticetus,2467,Marine mammals
balaena mysticetus,2468,Marine mammals
balaena mysticetus,2469,Marine mammals
balaena mysticetus,2472,Marine mammals
balaenoptera acutorostrata,2474,Marine mammals
balaenoptera borealis,2475,Marine mammals
balaenoptera musculus,2477,Marine mammals
balaenoptera musculus,41713,Marine mammals
balaenoptera physalus,2478,Marine mammals
balanophyllia elegans,NA,Corals and anemones
barathronus maculatus,190236,Bony fishes
barbantus curvifrons,18155933,Bony fishes
barbourisia rufa,21110276,Bony fishes
bassozetus compressus,190154,Bony fishes
bassozetus glutinosus,137471106,Bony fishes
bassozetus robustus,154973,Bony fishes
bassozetus zenkevitchi,137471399,Bony fishes
bathicaris brasiliensis,NA,Crustaceans
bathicaris cereus,NA,Crustaceans
bathicaris iridescens,NA,Crustaceans
bathicaris urinator,NA,Crustaceans
bathophilus filifer,135435623,Bony fishes
bathophilus flemingi,137471902,Bony fishes
bathyagonus alascanus,NA,Bony fishes
bathyagonus infraspinatus,NA,Bony fishes
bathyagonus nigripinnis,NA,Bony fishes
bathyagonus pentacanthus,NA,Bony fishes
bathybiaster vexillifer,NA,Echinoderms
bathycongrus guttulatus,199234,Bony fishes
bathycrinus carpenterii,NA,Echinoderms
bathygadus antrodes,NA,Bony fishes
bathygadus favosus,15522061,Bony fishes
bathygadus spongiceps,NA,Bony fishes
bathylagus euryops,NA,Bony fishes
bathylagus pacificus,NA,Bony fishes
bathylychnops exilis,NA,Bony fishes
bathymaster leurolepis,NA,Bony fishes
bathymaster signatus,NA,Bony fishes
bathymenes aleator,NA,Crustaceans
bathynectes maravigna,NA,Crustaceans
bathyonus caudalis,137472482,Bony fishes
bathyonus laticeps,57693936,Bony fishes
bathypallenopsis longirostris,NA,Crustaceans
bathypallenopsis longiseta,NA,Crustaceans
bathypallenopsis scoparia,NA,Crustaceans
bathypallenopsis tritonis,NA,Crustaceans
bathypallenopsis tydemani,NA,Crustaceans
bathyplotes moseleyi,180515,Echinoderms
bathyplotes natans,180312,Echinoderms
bathyplotes natans,180452,Echinoderms
bathypolypus arcticus,162955,Cephalopods
bathypolypus bairdii,163237,Cephalopods
bathypolypus ergasticus,163335,Cephalopods
bathypolypus pugniger,163149,Cephalopods
bathyporeia pilosa,NA,Crustaceans
bathypterois guentheri,123323339,Bony fishes
bathyraja abyssicola,2636,Elasmobranchs
bathyraja aleutica,161661,Elasmobranchs
bathyraja fedorovi,161623,Elasmobranchs
bathyraja interrupta,161402,Elasmobranchs
bathyraja lindbergi,161430,Elasmobranchs
bathyraja maculata,161350,Elasmobranchs
bathyraja mariposa,161319,Elasmobranchs
bathyraja minispinosa,161381,Elasmobranchs
bathyraja panthera,80671020,Elasmobranchs
bathyraja parmifera,161471,Elasmobranchs
bathyraja richardsoni,63127,Elasmobranchs
bathyraja smirnovi,161612,Elasmobranchs
bathyraja spinicauda,161366,Elasmobranchs
bathyraja taranetzi,161600,Elasmobranchs
bathyraja trachura,161375,Elasmobranchs
bathyraja violacea,161594,Elasmobranchs
bathysaurus ferox,13462491,Bony fishes
bathysolea polli,15622630,Bony fishes
bathysquilla microps,NA,Crustaceans
bathytroctes squamosus,60469527,Bony fishes
bebryce parastellata,NA,Corals and anemones
belaturricula gaini,NA,Molluscs
belone belone,198573,Bony fishes
benthalbella dentata,123335263,Bony fishes
benthalbella infans,13485675,Bony fishes
benthalbella linguidens,123335390,Bony fishes
bentheogennema burkenroadi,NA,Crustaceans
bentheogennema intermedia,NA,Crustaceans
benthesicymus crenatus,NA,Crustaceans
benthesicymus laciniatus,NA,Crustaceans
benthodesmus simonyi,18179796,Bony fishes
benthodytes sanguinolenta,NA,Echinoderms
benthoecetes bartletti,NA,Crustaceans
benthonectes filipes,NA,Crustaceans
benthopecten claviger,NA,Echinoderms
benthosema glaciale,198611,Bony fishes
berardius bairdii,2763,Marine mammals
beringius turtoni,NA,Molluscs
beringraja binoculata,44183,Elasmobranchs
beringraja rhina,161595,Elasmobranchs
bero elegans,NA,Bony fishes
bertella idiomorpha,140348014,Bony fishes
beryx decadactylus,198578,Bony fishes
bispira crassicornis,NA,Polychaetes
bittium reticulatum,NA,Molluscs
blepsias bilobus,NA,Bony fishes
blepsias cirrhosus,NA,Bony fishes
bolinia euryptera,NA,Bony fishes
bonellia viridis,NA,Polychaetes
boops boops,170251,Bony fishes
bopyroides hippolytes,NA,Crustaceans
borealea nobilis,NA,Molluscs
boreocingula castanea,NA,Molluscs
boreogadus saida,NA,Bony fishes
boreogennema borealis,NA,Crustaceans
boreomysis arctica,NA,Crustaceans
boreomysis megalops,NA,Crustaceans
boreonymphon robustum,NA,Crustaceans
boreoscala greenlandica,NA,Molluscs
boreotrophon clathratus,NA,Molluscs
boreotrophon truncatus,NA,Molluscs
borostomias antarcticus,198762,Bony fishes
borostomias panamensis,137472733,Bony fishes
bothrocara brunneum,NA,Bony fishes
bothrocara hollandi,NA,Bony fishes
bothrocara molle,NA,Bony fishes
bothrocara nyx,NA,Bony fishes
bothrocara pusillum,NA,Bony fishes
bothrocara tanakae,NA,Bony fishes
bothrocarina microcephala,NA,Bony fishes
bourneotrochus stellulatus,NA,Corals and anemones
brachydiastylis resima,NA,Crustaceans
brachyopsis segaliensis,NA,Bony fishes
brachyramphus brevirostris,22694875,Seabirds
brachyramphus marmoratus,22694870,Seabirds
brachyramphus perdix,22729000,Seabirds
bradabyssa villosa,NA,Polychaetes
brama brama,195091,Bony fishes
brama japonica,NA,Bony fishes
branchipolynoe pettiboneae,NA,Polychaetes
brisaster latifrons,NA,Echinoderms
brissopsis lyrifera,NA,Echinoderms
brosme brosme,NA,Bony fishes
brotulotaenia crassa,190319,Bony fishes
bryozoichthys lysimus,NA,Bony fishes
bryozoichthys marjorius,NA,Bony fishes
bubaris vermiculata,NA,Sponges
buccinum ciliatum,NA,Molluscs
buccinum cyaneum,NA,Molluscs
buccinum finmarkianum,NA,Molluscs
buccinum glaciale,NA,Molluscs
buccinum hydrophanum,NA,Molluscs
buccinum plectrum,NA,Molluscs
buccinum polare,NA,Molluscs
buccinum scalariforme,NA,Molluscs
buccinum undatum,NA,Molluscs
buenia jeffreysii,18159126,Bony fishes
bufoceratias wedli,18127809,Bony fishes
buglossidium luteum,155044,Bony fishes
byblis minuticornis,NA,Crustaceans
bylgides sarsi,NA,Polychaetes
bythograea microps,NA,Crustaceans
bythograea thermydron,NA,Crustaceans
cadlina laevis,NA,Molluscs
caecognathia polaris,NA,Crustaceans
calathura brachiata,NA,Crustaceans
calcigorgia spiculifera,NA,Corals and anemones
callionymus lyra,198634,Bony fishes
callionymus maculatus,198635,Bony fishes
callipallene acus,NA,Crustaceans
callipallene brevirostris,NA,Crustaceans
callipallene phantoma,NA,Crustaceans
callipallene producta,NA,Crustaceans
callorhinus ursinus,3590,Marine mammals
calyptraea chinensis,NA,Molluscs
campylaspis rubicunda,NA,Crustaceans
cancer bellianus,NA,Crustaceans
cancer pagurus,NA,Crustaceans
capheira sulcata,19717509,Echinoderms
capitella capitata,NA,Polychaetes
caprella equilibra,NA,Crustaceans
caprella linearis,NA,Crustaceans
capros aper,198557,Bony fishes
carcharodon carcharias,3855,Elasmobranchs
carcinus maenas,NA,Crustaceans
cardiomya pectinata,NA,Molluscs
cardiomya striata,NA,Molluscs
careproctus bowersianus,NA,Bony fishes
careproctus colletti,NA,Bony fishes
careproctus cypselurus,NA,Bony fishes
careproctus ectenes,NA,Bony fishes
careproctus faunus,NA,Bony fishes
careproctus filamentosus,NA,Bony fishes
careproctus furcellus,NA,Bony fishes
careproctus gilberti,NA,Bony fishes
careproctus longifilis,NA,Bony fishes
careproctus longipinnis,NA,Bony fishes
careproctus lycopersicus,NA,Bony fishes
careproctus melanurus,NA,Bony fishes
careproctus oregonensis,NA,Bony fishes
careproctus ostentum,NA,Bony fishes
careproctus phasma,NA,Bony fishes
careproctus ranula,NA,Bony fishes
careproctus rastrinus,NA,Bony fishes
careproctus reinhardti,NA,Bony fishes
careproctus scottae,NA,Bony fishes
careproctus simus,NA,Bony fishes
careproctus spectrum,NA,Bony fishes
careproctus trachysoma,NA,Bony fishes
caretta caretta,3897,Marine reptiles
caristius fasciatus,NA,Bony fishes
caristius macropus,NA,Bony fishes
caryophyllia abyssorum,NA,Corals and anemones
caryophyllia ambrosia,NA,Corals and anemones
caryophyllia atlantica,NA,Corals and anemones
caryophyllia cyathus,NA,Corals and anemones
caryophyllia diomedeae,NA,Corals and anemones
caryophyllia inornata,NA,Corals and anemones
caryophyllia sarsiae,NA,Corals and anemones
caryophyllia seguenzae,NA,Corals and anemones
caryophyllia smithii,NA,Corals and anemones
cataetyx bruuni,60469552,Bony fishes
cataetyx laticeps,198623,Bony fishes
cataetyx simus,135440706,Bony fishes
catriona gymnota,NA,Molluscs
caulophryne jordani,190447,Bony fishes
caulophryne pelagica,60469615,Bony fishes
caulophryne polynema,21112867,Bony fishes
centraloecetes striatus,NA,Crustaceans
centrolophus niger,198571,Bony fishes
centromedon calcaratus,NA,Crustaceans
centrophorus granulosus,162293947,Elasmobranchs
centrophorus squamosus,41871,Elasmobranchs
centroscyllium fabricii,161521,Elasmobranchs
centroscymnus coelolepis,41747,Elasmobranchs
centroscymnus crepidater,46864,Elasmobranchs
cepphus carbo,22694867,Seabirds
cepphus columba,22694864,Seabirds
cepphus grylle,22694861,Seabirds
ceramaster clarki,NA,Echinoderms
ceramaster japonicus,NA,Echinoderms
ceramaster patagonicus,NA,Echinoderms
ceratias holboelli,18127741,Bony fishes
ceratoscopelus maderensis,198612,Bony fishes
ceratostoma foliatum,NA,Molluscs
cerianthus lloydii,NA,Corals and anemones
cerithiella metula,NA,Molluscs
cerorhinca monocerata,22694924,Seabirds
cetomimus gillii,190349,Bony fishes
cetonurus globiceps,15522073,Bony fishes
cetorhinus maximus,4292,Elasmobranchs
chaceon affinis,NA,Crustaceans
chaceon granulatus,NA,Crustaceans
chaetopterus variopedatus,NA,Polychaetes
chaetozone setosa,NA,Polychaetes
chamelea gallina,NA,Molluscs
chascanopsetta prognatha,143820074,Bony fishes
chascanopsetta prorigera,69743659,Bony fishes
chauliodus macouni,137473074,Bony fishes
chauliodus sloani,190324,Bony fishes
chaunax penicillatus,139928991,Bony fishes
cheiraster dawsoni,NA,Echinoderms
chelidonichthys cuculus,198750,Bony fishes
chelidonichthys lucerna,198752,Bony fishes
chelon labrosus,135689,Bony fishes
chesnonia verrucosa,NA,Bony fishes
chionoecetes opilio,NA,Crustaceans
chirolophis ascanii,NA,Bony fishes
chirolophis decoratus,NA,Bony fishes
chirolophis nugator,NA,Bony fishes
chirolophis snyderi,155155,Bony fishes
chitonotus pugetensis,NA,Bony fishes
chlamydoselachus anguineus,41794,Elasmobranchs
chlidonias niger,22694787,Seabirds
chlorophthalmus albatrossis,123321954,Bony fishes
chlorophthalmus atlanticus,13462557,Bony fishes
chlorophthalmus borealis,NA,Bony fishes
chlorophthalmus mento,123322027,Bony fishes
chondrocladia clavata,NA,Sponges
chone duneri,NA,Polychaetes
chone infundibuliformis,NA,Polychaetes
chrionema chlorotaenia,NA,Bony fishes
chrionema chryseres,NA,Bony fishes
chromoplexaura marki,NA,Corals and anemones
cidaris cidaris,NA,Echinoderms
ciliata mustela,18125362,Bony fishes
ciliata septentrionalis,18125379,Bony fishes
cinachyra barbata,NA,Sponges
cinetorhynchus rigens,NA,Crustaceans
ciocalypta penicillus,NA,Sponges
cirratulus cirratus,NA,Polychaetes
cirroteuthis muelleri,163042,Cephalopods
cistenides hyperborea,NA,Polychaetes
citharichthys sordidus,158620855,Bony fishes
citharichthys stigmaeus,170754059,Bony fishes
cladorhiza abyssicola,NA,Sponges
cladorhiza gelida,NA,Sponges
clangula hyemalis,22680427,Seabirds
clathria armata,NA,Sponges
clathria pennata,NA,Sponges
clathria prolifera,NA,Sponges
clausinella fasciata,NA,Molluscs
clidoderma asperrimum,158624882,Bony fishes
clinocottus acuticeps,NA,Bony fishes
clinocottus embryum,NA,Bony fishes
cliona californiana,NA,Sponges
cliona celata,NA,Sponges
clupea harengus,155123,Bony fishes
clupea pallasii,98471199,Bony fishes
coccorella atrata,123322424,Bony fishes
coelophrys micropa,140202449,Bony fishes
coelorinchus commutabilis,NA,Bony fishes
coelorinchus gilberti,NA,Bony fishes
coelorinchus smithi,NA,Bony fishes
colga pacifica,NA,Molluscs
coloconger raniceps,NA,Bony fishes
coloconger scholesi,NA,Bony fishes
cololabis saira,NA,Bony fishes
colossendeis angusta,NA,Crustaceans
colossendeis arcuata,NA,Crustaceans
colossendeis clavata,NA,Crustaceans
colossendeis colossea,NA,Crustaceans
colossendeis cucurbita,NA,Crustaceans
colossendeis leptorhynchus,NA,Crustaceans
colossendeis macerrima,NA,Crustaceans
colossendeis minor,NA,Crustaceans
colossendeis proboscidea,NA,Crustaceans
colus gracilis,NA,Molluscs
colus holboelli,NA,Molluscs
colus islandicus,NA,Molluscs
colus sabini,NA,Molluscs
conger conger,194969,Bony fishes
congriscus maldivensis,199294,Bony fishes
conocara salmoneum,15148566,Bony fishes
conotrochus brunneus,NA,Corals and anemones
corambe obscura,NA,Molluscs
coregonus autumnalis,NA,Bony fishes
coregonus sardinella,NA,Bony fishes
coryphaenoides acrolepis,NA,Bony fishes
coryphaenoides armatus,18125776,Bony fishes
coryphaenoides brevibarbis,NA,Bony fishes
coryphaenoides carapinus,NA,Bony fishes
coryphaenoides cinereus,NA,Bony fishes
coryphaenoides filifer,NA,Bony fishes
coryphaenoides leptolepis,15522140,Bony fishes
coryphaenoides longifilis,NA,Bony fishes
coryphaenoides mediterraneus,198595,Bony fishes
coryphaenoides microps,NA,Bony fishes
coryphaenoides murrayi,NA,Bony fishes
coryphaenoides rupestris,15522149,Bony fishes
coryphaenoides striaturus,NA,Bony fishes
coryphaenoides yaquinae,NA,Bony fishes
coryphella verrucosa,NA,Molluscs
cottiusculus gonez,NA,Bony fishes
cottunculus microps,NA,Bony fishes
cottunculus sadko,NA,Bony fishes
cottunculus thomsonii,190065,Bony fishes
crangon allmanni,NA,Crustaceans
crangon crangon,NA,Crustaceans
crangon franciscorum,NA,Crustaceans
craniella arb,NA,Sponges
crepidula adunca,NA,Molluscs
cribrinopsis fernaldi,NA,Corals and anemones
cribrinopsis similis,NA,Corals and anemones
crossaster borealis,NA,Echinoderms
crossaster papposus,NA,Echinoderms
cryptacanthodes aleutensis,NA,Bony fishes
cryptacanthodes giganteus,NA,Bony fishes
cryptolithodes typicus,NA,Crustaceans
cryptonatica affinis,NA,Molluscs
cryptonatica bathybii,NA,Molluscs
cryptopsaras couesii,190067,Bony fishes
crystallias matsushimae,NA,Bony fishes
crystallichthys cyclospilus,NA,Bony fishes
crystallogobius linearis,198654,Bony fishes
ctenolabrus rupestris,187751,Bony fishes
cubiceps gracilis,198676,Bony fishes
cucumaria frondosa,NA,Echinoderms
cucumaria miniata,NA,Echinoderms
curtitoma conoidea,NA,Molluscs
curtitoma incisula,NA,Molluscs
curtitoma novajasemljensis,NA,Molluscs
curtitoma trevelliana,NA,Molluscs
curtitoma violacea,NA,Molluscs
cuspidaria arctica,NA,Molluscs
cuspidaria glacialis,NA,Molluscs
cuspidaria subtorta,NA,Molluscs
cyclopteropsis bergi,NA,Bony fishes
cyclopteropsis mcalpini,NA,Bony fishes
cyclopterus lumpus,NA,Bony fishes
cyclothone acclinidens,18252612,Bony fishes
cyclothone acclinidens,60469890,Bony fishes
cyclothone alba,190300,Bony fishes
cyclothone atraria,137473683,Bony fishes
cyclothone braueri,198757,Bony fishes
cyclothone microdon,190133,Bony fishes
cyema atrum,18227109,Bony fishes
cylichna alba,NA,Molluscs
cylichna cylindracea,NA,Molluscs
cylichna gouldii,NA,Molluscs
cylichnoides occultus,NA,Molluscs
cymodocella tubicauda,NA,Crustaceans
cystophora cristata,6204,Marine mammals
cyttomimus stelgis,NA,Bony fishes
danaphryne nigrifilis,140348234,Bony fishes
daphnella mitrellaformis,NA,Molluscs
dasmosmilia lymani,NA,Corals and anemones
dasmosmilia variegata,NA,Corals and anemones
dasycottus setiger,NA,Bony fishes
deania calcea,41798,Elasmobranchs
delphinapterus leucas,6335,Marine mammals
delphinapterus leucas,61442,Marine mammals
delphinus delphis,133729,Marine mammals
delphinus delphis,134817215,Marine mammals
dendraster excentricus,NA,Echinoderms
dendronotus frondosus,NA,Molluscs
dendronotus iris,NA,Molluscs
dendronotus robustus,NA,Molluscs
deosergestes paraseminudus,NA,Crustaceans
derichthys serpentinus,155093,Bony fishes
dermasterias imbricata,NA,Echinoderms
dermochelys coriacea,46967817,Marine reptiles
desmophyllum dianthus,NA,Corals and anemones
desmophyllum pertusum,NA,Corals and anemones
dexamine spinosa,NA,Crustaceans
diadumene lineata,NA,Corals and anemones
diaphana globosa,NA,Molluscs
diaphana hiemalis,NA,Molluscs
diaphana minuta,NA,Molluscs
diaphoreolis viridis,NA,Molluscs
diaphus coeruleus,129511555,Bony fishes
diaphus gigas,130263584,Bony fishes
diaphus jenseni,130275086,Bony fishes
diaphus nielseni,130282230,Bony fishes
diaphus pacificus,130282441,Bony fishes
diaphus parri,130283033,Bony fishes
diaphus rafinesquii,154729,Bony fishes
diaphus richardsoni,130284614,Bony fishes
diaphus suborbitalis,130286039,Bony fishes
diaphus theta,130286297,Bony fishes
diaphus thiollierei,130286757,Bony fishes
diastylis goodsiri,NA,Crustaceans
diastylis lepechini,NA,Crustaceans
diastylis lucifera,NA,Crustaceans
diastylis scorpioides,NA,Crustaceans
diastylis spinulosa,NA,Crustaceans
diaulula sandiegensis,NA,Molluscs
dibranchus atlanticus,20663855,Bony fishes
dibranchus erinaceus,140300257,Bony fishes
dibranchus hystrix,140300290,Bony fishes
dibranchus japonicus,140300323,Bony fishes
dibranchus nudivomer,140300357,Bony fishes
dibranchus spinosus,140300461,Bony fishes
dibranchus spongiosa,140300494,Bony fishes
dibranchus tremendus,20663917,Bony fishes
dicentrarchus labrax,135606,Bony fishes
diceratias bispinosus,139929968,Bony fishes
diceratias pileatus,190089,Bony fishes
dicrolene filamentosa,137496751,Bony fishes
dicrolene introniger,60470322,Bony fishes
dicrolene longimana,137496824,Bony fishes
dicrolene tristis,137498946,Bony fishes
diopatra neapolitana,NA,Polychaetes
diplocirrus glaucus,NA,Polychaetes
diplophos orientalis,137516856,Bony fishes
diplopteraster multipes,NA,Echinoderms
dipolydora armata,NA,Polychaetes
dipolydora caulleryi,NA,Polychaetes
dipolydora quadrilobata,NA,Polychaetes
dipolydora socialis,NA,Polychaetes
dipsacaster anoplus,NA,Echinoderms
dipturus batis,203364219,Elasmobranchs
dipturus intermedius,18903491,Elasmobranchs
dipturus nidarosiensis,161729,Elasmobranchs
dipturus oxyrinchus,63100,Elasmobranchs
diretmus argenteus,18124015,Bony fishes
dirona albolineata,NA,Molluscs
discias serratirostris,NA,Crustaceans
discias vernbergi,NA,Crustaceans
ditrupa arietina,NA,Polychaetes
dolichopteryx parini,NA,Bony fishes
dolichosudis fuliginosa,13485395,Bony fishes
dolopichthys allector,42830260,Bony fishes
dolopichthys danae,61934241,Bony fishes
dolopichthys longicornis,190278,Bony fishes
dolopichthys pullatus,60470361,Bony fishes
dorhynchus thomsoni,NA,Crustaceans
doris montereyensis,NA,Molluscs
dosinia lupinus,NA,Molluscs
doto pita,NA,Molluscs
drifa glomerata,NA,Corals and anemones
dysidea fragilis,NA,Sponges
dysommina rugosa,NA,Bony fishes
ebinania costaecanariae,15622740,Bony fishes
echinarachnius parma,NA,Echinoderms
echinocardium cordatum,NA,Echinoderms
echinocardium flavescens,NA,Echinoderms
echinocyamus pusillus,NA,Echinoderms
echinus esculentus,7011,Echinoderms
echiodon drummondii,18138815,Bony fishes
edwardsia andresi,NA,Corals and anemones
edwardsia claparedii,NA,Corals and anemones
eguchipsammia fistula,NA,Corals and anemones
ektonodiastylis nimia,NA,Crustaceans
elassochirus tenuimanus,NA,Crustaceans
elassodiscus caudatus,NA,Bony fishes
elassodiscus tremebundus,NA,Bony fishes
eledone cirrhosa,163307,Cephalopods
eleginus gracilis,NA,Bony fishes
embassichthys bathybius,158625197,Bony fishes
enchelyopus cimbrius,15522054,Bony fishes
endeis spinosa,NA,Crustaceans
enhydra lutris,7750,Marine mammals
enixotrophon plicilaminatus,NA,Molluscs
enophrys bison,NA,Bony fishes
enophrys diceraus,NA,Bony fishes
enophrys lucasi,NA,Bony fishes
enriquea leviantennata,NA,Crustaceans
entelurus aequoreus,18258072,Bony fishes
enteroctopus dofleini,162958,Cephalopods
entodesma navicula,NA,Molluscs
eopsetta jordani,154977,Bony fishes
ephyrina benedicti,NA,Crustaceans
ephyrina ombango,NA,Crustaceans
epiactis prolifera,NA,Corals and anemones
epigonus telescopus,198653,Bony fishes
epimeria frankei,NA,Crustaceans
epimeria loricata,NA,Crustaceans
epitonium indianorum,NA,Molluscs
epizoanthus lindahli,NA,Corals and anemones
epizoanthus papillosus,NA,Corals and anemones
epizoanthus scotinus,NA,Corals and anemones
eptatretus deani,196019,Bony fishes
eretmichthys pinnatus,137522168,Bony fishes
eretmochelys imbricata,8005,Marine reptiles
ereunias grallator,NA,Bony fishes
erignathus barbatus,8010,Marine mammals
erignathus barbatus,8012,Marine mammals
erignathus barbatus,8013,Marine mammals
erilepis zonifer,NA,Bony fishes
erimacrus isenbeckii,NA,Crustaceans
ernogrammus hexagrammus,NA,Bony fishes
erythrops erythrophthalmus,NA,Crustaceans
erythrops serratus,NA,Crustaceans
eschrichtius robustus,8097,Marine mammals
eschrichtius robustus,8099,Marine mammals
etmopterus princeps,60242,Elasmobranchs
etmopterus spinax,161388,Elasmobranchs
eualus gaimardii,NA,Crustaceans
eubalaena glacialis,41712,Marine mammals
eubalaena japonica,41711,Marine mammals
eubalaena japonica,133706,Marine mammals
eubranchus exiguus,NA,Molluscs
eubranchus olivaceus,NA,Molluscs
eucopia australis,NA,Crustaceans
eucopia grimaldii,NA,Crustaceans
eucopia major,NA,Crustaceans
eudistylia polymorpha,NA,Polychaetes
eudorellopsis integra,NA,Crustaceans
eulalia magalaensis,NA,Polychaetes
eulalia viridis,NA,Polychaetes
eumesogrammus praecisus,NA,Bony fishes
eumetopias jubatus,8239,Marine mammals
eumetopias jubatus,17345844,Marine mammals
eumetopias jubatus,17367725,Marine mammals
eumetula arctica,NA,Molluscs
eumicrotremus andriashevi,NA,Bony fishes
eumicrotremus asperrimus,NA,Bony fishes
eumicrotremus barbatus,155082,Bony fishes
eumicrotremus derjugini,NA,Bony fishes
eumicrotremus gyrinops,NA,Bony fishes
eumicrotremus orbis,NA,Bony fishes
eumicrotremus pacificus,NA,Bony fishes
eumicrotremus phrynoides,NA,Bony fishes
eumicrotremus spinosus,NA,Bony fishes
eumida sanguinea,NA,Polychaetes
euneognathia gigas,NA,Crustaceans
eunice fucata,NA,Polychaetes
eunice norvegica,NA,Polychaetes
eunice pennata,NA,Polychaetes
eunicella verrucosa,8262,Corals and anemones
euphausia pacifica,NA,Crustaceans
euphrosine foliosa,NA,Polychaetes
eupolymnia nebulosa,NA,Polychaetes
eupyrgus scaber,NA,Echinoderms
eurycope brevirostris,NA,Crustaceans
eurycope complanata,NA,Crustaceans
eurydice affinis,NA,Crustaceans
eurydice grimaldii,NA,Crustaceans
eurydice inermis,NA,Crustaceans
eurydice spinigera,NA,Crustaceans
eurymen gyrinus,NA,Bony fishes
eurypharynx pelecanoides,18227119,Bony fishes
eurypon clavatum,NA,Sponges
eurythenes gryllus,NA,Crustaceans
eurythenes obesus,NA,Crustaceans
eusergestes arcticus,NA,Crustaceans
eusirus holmii,NA,Crustaceans
euspira catena,NA,Molluscs
euspira pallida,NA,Molluscs
eusyllis blomstrandi,NA,Polychaetes
eutrigla gurnardus,NA,Bony fishes
evasterias troschelii,NA,Echinoderms
evermannella indica,123322451,Bony fishes
exogone dispar,NA,Polychaetes
exogone lourei,NA,Polychaetes
exogone naidina,NA,Polychaetes
facelina bostoniensis,NA,Molluscs
flabellum alabastrum,NA,Corals and anemones
flabellum angulare,NA,Corals and anemones
flabellum messum,NA,Corals and anemones
florometra asperrima,NA,Echinoderms
florometra serratissima,NA,Echinoderms
fratercula arctica,22694927,Seabirds
fratercula cirrhata,22694934,Seabirds
fratercula corniculata,22694931,Seabirds
freemanichthys thompsoni,NA,Bony fishes
fulmarus glacialis,22697866,Seabirds
fusinus salisburyi,NA,Molluscs
fusitriton oregonensis,NA,Molluscs
gadella jordani,NA,Bony fishes
gadiculus argenteus,NA,Bony fishes
gadiculus thori,NA,Bony fishes
gadomus dispar,190126,Bony fishes
gadomus introniger,NA,Bony fishes
gadomus multifilis,NA,Bony fishes
gadomus pepperi,NA,Bony fishes
gadus chalcogrammus,NA,Bony fishes
gadus macrocephalus,NA,Bony fishes
gadus morhua,8784,Bony fishes
gaidropsarus argentatus,NA,Bony fishes
gaidropsarus ensis,NA,Bony fishes
gaidropsarus mediterraneus,NA,Bony fishes
gaidropsarus vulgaris,198590,Bony fishes
galacantha quiquei,NA,Crustaceans
galacantha rostrata,NA,Crustaceans
galacantha valdiviae,NA,Crustaceans
galathowenia oculata,NA,Polychaetes
galeocerdo cuvier,39378,Elasmobranchs
galeorhinus galeus,39352,Elasmobranchs
galeus melastomus,161398,Elasmobranchs
galeus murinus,161705,Elasmobranchs
gammarus locusta,NA,Crustaceans
gammarus oceanicus,NA,Crustaceans
gardinerosergia splendens,NA,Crustaceans
gasterosteus aculeatus,8951,Bony fishes
gastropteron pacificum,NA,Molluscs
gastrosaccus sanctus,NA,Crustaceans
gastrosaccus spinifer,NA,Crustaceans
gattyana cirrhosa,NA,Polychaetes
gavia adamsii,22697847,Seabirds
gavia arctica,22697834,Seabirds
gavia immer,22697842,Seabirds
gavia pacifica,22697839,Seabirds
gavia stellata,22697829,Seabirds
gavialiceps javanicus,NA,Bony fishes
geitodoris planata,NA,Molluscs
geitodoris pusae,NA,Molluscs
gemmula congener,NA,Molluscs
gennadas bouvieri,NA,Crustaceans
gennadas elegans,NA,Crustaceans
gennadas scutatus,NA,Crustaceans
gennadas valens,NA,Crustaceans
geodia barretti,NA,Sponges
geodia macandrewii,NA,Sponges
gephyreaster swifti,NA,Echinoderms
gephyroberyx japonicus,123358301,Bony fishes
gersemia fruticosa,NA,Corals and anemones
gersemia rubiformis,NA,Corals and anemones
geryon trispinosus,NA,Crustaceans
gibberichthys latifrons,137551006,Bony fishes
gigantactis gargantua,140026414,Bony fishes
gigantactis macronema,140026535,Bony fishes
gigantactis perlatus,140026907,Bony fishes
gigantactis vanhoeffeni,60470687,Bony fishes
glandulactis spetsbergensis,NA,Corals and anemones
glebocarcinus oregonensis,NA,Crustaceans
globicephala melas,9250,Marine mammals
glycera alba,NA,Polychaetes
glycera americana,NA,Polychaetes
glycera capitata,NA,Polychaetes
glycera tesselata,NA,Polychaetes
glycera tridactyla,NA,Polychaetes
glycinde nordmanni,NA,Polychaetes
glyphocrangon faxoni,NA,Crustaceans
glyphocrangon hakuhoae,NA,Crustaceans
glyphocrangon proxima,NA,Crustaceans
glyphocrangon pugnax,NA,Crustaceans
glyphocrangon unguiculata,NA,Crustaceans
glyphus marsupialis,NA,Crustaceans
glyptocephalus cynoglossus,NA,Bony fishes
glyptocephalus stelleri,158625557,Bony fishes
glyptocephalus zachirus,158625570,Bony fishes
glyptometra inaequalis,NA,Echinoderms
glyptonotus antarcticus,NA,Crustaceans
glyptophidium argenteum,137551063,Bony fishes
glyptophidium lucidum,137551218,Bony fishes
gnathia dentata,NA,Crustaceans
gnathia maxillaris,NA,Crustaceans
gnathophis nystromi,NA,Bony fishes
gnathophylloides mineri,NA,Crustaceans
gnathophyllum modestum,NA,Crustaceans
gnorimosphaeroma oregonense,NA,Crustaceans
gobius niger,198570,Bony fishes
gobiusculus flavescens,18159817,Bony fishes
goniada maculata,NA,Polychaetes
gonichthys venetus,130346459,Bony fishes
gordonella kensleyi,NA,Crustaceans
gorgonocephalus eucnemis,NA,Echinoderms
gracilechinus acutus,NA,Echinoderms
gracilechinus elegans,NA,Echinoderms
grampus griseus,9461,Marine mammals
graneledone verrucosa,163159,Cephalopods
grimpoteuthis wuelkeri,163284,Cephalopods
guttigadus latifrons,NA,Bony fishes
gymnelopsis ochotensis,NA,Bony fishes
gymnelus hemifasciatus,NA,Bony fishes
gymnelus popovi,NA,Bony fishes
gymnelus retrodorsalis,NA,Bony fishes
gymnelus viridis,154650,Bony fishes
gymnocanthus detrisus,NA,Bony fishes
gymnocanthus galeatus,NA,Bony fishes
gymnocanthus intermedius,NA,Bony fishes
gymnocanthus pistilliger,NA,Bony fishes
gymnocanthus tricuspis,NA,Bony fishes
hadropenaeus affinis,NA,Crustaceans
hadropenaeus modestus,NA,Crustaceans
halargyreus johnsonii,NA,Bony fishes
halichoerus grypus,9660,Marine mammals
halichoerus grypus,61382004,Marine mammals
halichoerus grypus,61382025,Marine mammals
halichondria panicea,NA,Sponges
haliclona flagellifera,NA,Sponges
halicmetus niger,140301383,Bony fishes
halicmetus reticulatus,140301432,Bony fishes
halicmetus ruber,140301457,Bony fishes
halieutaea nigra,140331238,Bony fishes
halieutopsis bathyoreos,140337799,Bony fishes
halieutopsis stellifera,140342538,Bony fishes
halimochirurgus alcocki,NA,Bony fishes
haliphron atlanticus,163207,Cephalopods
haliporus thetis,NA,Crustaceans
halosaurus guentheri,190196,Bony fishes
halosaurus radiatus,NA,Bony fishes
haploops setosa,NA,Crustaceans
haploops tubicola,NA,Crustaceans
haplophryne mollis,60470770,Bony fishes
haplostylus lobatus,NA,Crustaceans
haplostylus normani,NA,Crustaceans
harmothoe impar,NA,Polychaetes
hedgpethia chitinosa,NA,Crustaceans
hedgpethia dofleini,NA,Crustaceans
helicolenus avius,NA,Bony fishes
helicolenus dactylopterus,195093,Bony fishes
heliometra glacialis,NA,Echinoderms
hemilepidotus gilberti,NA,Bony fishes
hemilepidotus hemilepidotus,NA,Bony fishes
hemilepidotus jordani,NA,Bony fishes
hemilepidotus papilio,154722,Bony fishes
hemilepidotus spinosus,NA,Bony fishes
hemilepidotus zapus,NA,Bony fishes
hemimysis abyssicola,NA,Crustaceans
hemimysis lamornae,NA,Crustaceans
hemipenaeus carpenteri,NA,Crustaceans
hemitripterus bolini,NA,Bony fishes
hemitripterus villosus,NA,Bony fishes
henricia leviuscula,NA,Echinoderms
henricia sanguinolenta,NA,Echinoderms
hepomadus tener,NA,Crustaceans
hermania scabra,NA,Molluscs
hermissenda crassicornis,NA,Molluscs
hesionura elongata,NA,Polychaetes
heterocarpus grimaldii,NA,Crustaceans
heterocarpus laevigatus,NA,Crustaceans
heterocarpus lepidus,NA,Crustaceans
heterocarpus parvispina,NA,Crustaceans
heterocarpus tricarinatus,NA,Crustaceans
heteromastus filiformis,NA,Polychaetes
heteromesus frigidus,NA,Crustaceans
heteromysis microps,NA,Crustaceans
heteromysis norvegica,NA,Crustaceans
heterophotus ophistoma,21133028,Bony fishes
heterosquilloides insignis,NA,Crustaceans
heteroteuthis serventyi,NA,Cephalopods
hexagrammos decagrammus,158882453,Bony fishes
hexagrammos lagocephalus,158882544,Bony fishes
hexagrammos octogrammus,NA,Bony fishes
hexagrammos stelleri,NA,Bony fishes
hexanchus griseus,10030,Elasmobranchs
himantolophus albinares,60470792,Bony fishes
himantolophus appelii,140078353,Bony fishes
himantolophus brevirostris,60470817,Bony fishes
himantolophus melanolophus,42830223,Bony fishes
himantolophus rostratus,60470918,Bony fishes
himantolophus sagamius,140079099,Bony fishes
hippasteria californica,NA,Echinoderms
hippasteria lepidonotus,NA,Echinoderms
hippasteria phrygiana,NA,Echinoderms
hippoglossoides dubius,158625603,Bony fishes
hippoglossoides platessoides,NA,Bony fishes
hippoglossoides robustus,158625914,Bony fishes
hippoglossus hippoglossus,10097,Bony fishes
hippoglossus stenolepis,158625941,Bony fishes
hippolyte varians,NA,Crustaceans
hippomedon denticulatus,NA,Crustaceans
histiobranchus bathybius,199249,Bony fishes
histrionicus histrionicus,22680423,Seabirds
histriophoca fasciata,41670,Marine mammals
holcomycteronus squamosus,57453696,Bony fishes
holtbyrnia anomala,18155939,Bony fishes
holtbyrnia innesi,21104612,Bony fishes
holtbyrnia macrops,18155943,Bony fishes
holthuisaeus bermudensis,NA,Crustaceans
homarus americanus,170009,Crustaceans
homarus gammarus,169955,Crustaceans
homolomannia sibogae,NA,Crustaceans
homostolus acer,137552007,Bony fishes
hoplangia durotrix,NA,Corals and anemones
hoplostethus atlanticus,NA,Bony fishes
hoplostethus mediterraneus,198579,Bony fishes
hoplostethus melanopterus,123359079,Bony fishes
hoplostethus melanopus,21110190,Bony fishes
hoplostethus mento,123359108,Bony fishes
howella atlantica,20665743,Bony fishes
howella brodiei,NA,Bony fishes
howella parini,NA,Bony fishes
howella zina,NA,Bony fishes
humilaria kennerleyi,NA,Molluscs
hyalinoecia tubicola,NA,Polychaetes
hyas araneus,NA,Crustaceans
hydrobates furcatus,22698572,Seabirds
hydrobates pelagicus,22698477,Seabirds
hydrocoloeus minutus,22694469,Seabirds
hydrodamalis gigas,10303,Marine mammals
hydroides norvegica,NA,Polychaetes
hygophum taaningi,15598938,Bony fishes
hygrosoma hoplacantha,NA,Echinoderms
hymenaster pellucidus,NA,Echinoderms
hymenaster quadrispinosus,NA,Echinoderms
hymenocephalus aterrimus,135385234,Bony fishes
hymenocephalus lethonemus,NA,Bony fishes
hymenocephalus longiceps,NA,Bony fishes
hymenocephalus longipes,NA,Bony fishes
hymenocephalus nascens,NA,Bony fishes
hymenocephalus striatissimus,NA,Bony fishes
hymenocephalus torvus,NA,Bony fishes
hymenodora frontalis,NA,Crustaceans
hymenodora glacialis,NA,Crustaceans
hymenogadus gracilis,60471195,Bony fishes
hymenopenaeus aphoticus,NA,Crustaceans
hymenopenaeus chacei,NA,Crustaceans
hymenopenaeus debilis,NA,Crustaceans
hymenopenaeus doris,NA,Crustaceans
hymenopenaeus halli,NA,Crustaceans
hymenopenaeus laevis,NA,Crustaceans
hyperoodon ampullatus,10707,Marine mammals
hyperoplus lanceolatus,18155982,Bony fishes
hypomesus japonicus,NA,Bony fishes
hypomesus pretiosus,NA,Bony fishes
hypopleuron caninum,137552145,Bony fishes
hypoptychus dybowskii,65134839,Bony fishes
hypsagonus quadricornis,NA,Bony fishes
ianiropsis breviremis,NA,Crustaceans
icasterias panopla,NA,Echinoderms
icelinus borealis,NA,Bony fishes
icelinus burchami,NA,Bony fishes
icelinus tenuis,NA,Bony fishes
icelus bicornis,NA,Bony fishes
icelus canaliculatus,NA,Bony fishes
icelus cataphractus,NA,Bony fishes
icelus euryops,NA,Bony fishes
icelus spatula,NA,Bony fishes
icelus spiniger,NA,Bony fishes
icelus uncinalis,NA,Bony fishes
ichthyococcus elongatus,137558996,Bony fishes
icichthys lockingtoni,NA,Bony fishes
icosteus aenigmaticus,NA,Bony fishes
idotea chelipes,NA,Crustaceans
idotea emarginata,NA,Crustaceans
idotea granulosa,NA,Crustaceans
idotea metallica,NA,Crustaceans
idotea neglecta,NA,Crustaceans
ilyarachna hirticeps,NA,Crustaceans
iphinoe trispinosa,NA,Crustaceans
ischyrocerus brusilovi,NA,Crustaceans
isopsetta isolepis,158626318,Bony fishes
jaera albifrons,NA,Crustaceans
jaera ischiosetosa,NA,Crustaceans
jaera praehirsuta,NA,Crustaceans
janira maculosa,NA,Crustaceans
janua heterostropha,NA,Polychaetes
japetella diaphana,162986,Cephalopods
jasmineira elegans,NA,Polychaetes
jassa marmorata,NA,Crustaceans
javania fusca,NA,Corals and anemones
javania lamprotichum,NA,Corals and anemones
josephella marenzelleri,NA,Polychaetes
kadosactis rosea,NA,Corals and anemones
kali macrodon,155106,Bony fishes
kali macrura,60471825,Bony fishes
kolga hyalina,NA,Echinoderms
kroyera carinata,NA,Crustaceans
kumba japonica,NA,Bony fishes
kuronezumia bubonis,154969,Bony fishes
lacuna crassior,NA,Molluscs
lacuna pallidula,NA,Molluscs
lacuna vincta,NA,Molluscs
laemonema gracillipes,NA,Bony fishes
laemonema longipes,NA,Bony fishes
laemonema robustum,60471850,Bony fishes
laetmonice producta,NA,Polychaetes
lagenorhynchus acutus,11141,Marine mammals
lagenorhynchus albirostris,11142,Marine mammals
lagenorhynchus obliquidens,11145,Marine mammals
lagis koreni,NA,Polychaetes
lagocephalus lagocephalus,190464,Bony fishes
lamellibrachia barhami,NA,Polychaetes
lamna ditropis,39342,Elasmobranchs
lamna nasus,11200,Elasmobranchs
lampadena speculigera,60471855,Bony fishes
lampadena yaquinae,129300151,Bony fishes
lampanyctus acanthurus,129300299,Bony fishes
lampanyctus crocodilus,198618,Bony fishes
lampanyctus crocodilus,129389241,Bony fishes
lampanyctus intricarius,15599070,Bony fishes
lampanyctus jordani,154674,Bony fishes
lampanyctus omostigma,129391467,Bony fishes
lampanyctus photonotus,60471860,Bony fishes
lampanyctus turneri,129394677,Bony fishes
lampris guttatus,195038,Bony fishes
lamprogrammus brunswigi,60471877,Bony fishes
lamprogrammus niger,60471901,Bony fishes
lanice conchilega,NA,Polychaetes
laona quadrata,NA,Molluscs
laonice cirrata,NA,Polychaetes
larus argentatus,62030608,Seabirds
larus canus,22694308,Seabirds
larus delawarensis,22694317,Seabirds
larus fuscus,22694373,Seabirds
larus glaucescens,22694334,Seabirds
larus glaucoides,22729877,Seabirds
larus hyperboreus,22694343,Seabirds
larus marinus,22694324,Seabirds
larus philadelphia,22694432,Seabirds
larus ridibundus,22694420,Seabirds
larus schistisagus,22694362,Seabirds
larus smithsonianus,62030590,Seabirds
lasiognathus beebei,190303,Bony fishes
leander paulensis,NA,Crustaceans
leanira hystricis,NA,Polychaetes
lebbeus grandimanus,NA,Crustaceans
lebbeus groenlandicus,NA,Crustaceans
lebbeus polaris,NA,Crustaceans
lebetus scorpioides,18159823,Bony fishes
lembos websteri,NA,Crustaceans
leonnates indicus,NA,Polychaetes
lepidion eques,154838,Bony fishes
lepidion inosimae,NA,Bony fishes
lepidion schmidti,NA,Bony fishes
lepidoblepharon ophthalmolepis,146946542,Bony fishes
lepidochelys olivacea,11534,Marine reptiles
lepidonotopodium piscesae,NA,Polychaetes
lepidopsetta bilineata,158631442,Bony fishes
lepidopsetta mochigarei,158631782,Bony fishes
lepidopsetta polyxystra,158631806,Bony fishes
lepidorhombus whiffiagonis,198730,Bony fishes
leptagonus decagonus,NA,Bony fishes
leptasterias groenlandica,NA,Echinoderms
leptasterias polaris,NA,Echinoderms
leptoclinus maculatus,NA,Bony fishes
leptocottus armatus,202670,Bony fishes
leptoderma retropinna,NA,Bony fishes
leptometra celtica,NA,Echinoderms
leptomysis gracilis,NA,Crustaceans
leptomysis lingvura,NA,Crustaceans
leptomysis mediterranea,NA,Crustaceans
leptomysis truncata,NA,Crustaceans
leptostylis ampullacea,NA,Crustaceans
leptostylis longimana,NA,Crustaceans
leptostylis macrura,NA,Crustaceans
leptosynapta inhaerens,NA,Echinoderms
leptosynapta minuta,NA,Echinoderms
leptychaster anomalus,NA,Echinoderms
leptychaster arcticus,NA,Echinoderms
leptychaster pacificus,NA,Echinoderms
lestidiops ringens,154635,Bony fishes
lestidiops sphyraenopsis,123324812,Bony fishes
lestrolepis luetkeni,123325104,Bony fishes
lesueurigobius friesii,198665,Bony fishes
lethotremus muticus,NA,Bony fishes
leucon fulvus,NA,Crustaceans
leucon nasicoides,NA,Crustaceans
leucon pallidus,NA,Crustaceans
leucon septemdentatus,NA,Crustaceans
leucon spinulosus,NA,Crustaceans
leucoraja circularis,161464,Elasmobranchs
leucoraja erinacea,161418,Elasmobranchs
leucoraja fullonica,161461,Elasmobranchs
leucoraja ocellata,161631,Elasmobranchs
leukoma staminea,NA,Molluscs
leuroglossus schmidti,NA,Bony fishes
leuroglossus stilbius,NA,Bony fishes
levinsenia gracilis,NA,Polychaetes
ligur ensiferus,NA,Crustaceans
limanda aspera,158631834,Bony fishes
limanda limanda,18214863,Bony fishes
limanda proboscidea,158631929,Bony fishes
limanda sakhalinensis,158632105,Bony fishes
limneria prolongata,NA,Molluscs
limneria undata,NA,Molluscs
limnoria lignorum,NA,Crustaceans
linophryne brevibarbata,67964842,Bony fishes
linophryne coronata,140198461,Bony fishes
linophryne pennibarbata,21112898,Bony fishes
linopneustes fragilis,NA,Echinoderms
liocarcinus corrugatus,NA,Crustaceans
liocarcinus depurator,NA,Crustaceans
liocarcinus holsatus,NA,Crustaceans
liocarcinus marmoreus,NA,Crustaceans
liocarcinus navigator,NA,Crustaceans
liocarcinus pusillus,NA,Crustaceans
liocyma fluctuosa,NA,Molluscs
liopsetta glacialis,135574,Bony fishes
liparis agassizii,NA,Bony fishes
liparis bathyarcticus,NA,Bony fishes
liparis bristolensis,NA,Bony fishes
liparis callyodon,NA,Bony fishes
liparis cyclopus,NA,Bony fishes
liparis dennyi,NA,Bony fishes
liparis fabricii,NA,Bony fishes
liparis florae,NA,Bony fishes
liparis fucensis,NA,Bony fishes
liparis gibbus,NA,Bony fishes
liparis liparis,154644,Bony fishes
liparis marmoratus,NA,Bony fishes
liparis micraspidophorus,NA,Bony fishes
liparis montagui,18237707,Bony fishes
liparis mucosus,NA,Bony fishes
liparis ochotensis,NA,Bony fishes
liparis pulchellus,NA,Bony fishes
liparis rutteri,NA,Bony fishes
liparis tessellatus,NA,Bony fishes
liparis tunicatus,NA,Bony fishes
lipariscus nanus,NA,Bony fishes
lipolagus ochotensis,NA,Bony fishes
lithodes aequispinus,NA,Crustaceans
lithodes longispina,NA,Crustaceans
lithodes richeri,NA,Crustaceans
littorina littorea,NA,Molluscs
littorina obtusata,NA,Molluscs
littorina saxatilis,NA,Molluscs
lophaster furcifer,NA,Echinoderms
lophaster furcilliger,NA,Echinoderms
lophiodes endoi,135437799,Bony fishes
lophiodes mutilus,135438205,Bony fishes
lophiodes mutilus,135438492,Bony fishes
lophiodes triradiatus,135441349,Bony fishes
lophius americanus,NA,Bony fishes
lophius budegassa,198609,Bony fishes
lophius piscatorius,198610,Bony fishes
lophodolos acanthognathus,190157,Bony fishes
lophodolos indicus,154698,Bony fishes
lopholithodes mandtii,NA,Crustaceans
lophotus capellei,190423,Bony fishes
lophozozymus incisus,NA,Crustaceans
loxorhynchus crispatus,NA,Crustaceans
lucigadus microlepis,NA,Bony fishes
lucigadus nigromarginatus,NA,Bony fishes
luciobrotula bartschi,137566428,Bony fishes
luciobrotula corethromycter,190262,Bony fishes
luidia ciliaris,NA,Echinoderms
luidia foliolata,NA,Echinoderms
lumbrineris coccinea,NA,Polychaetes
lumbrineris japonica,NA,Polychaetes
lumbrineris latreilli,NA,Polychaetes
lumpenella longirostris,NA,Bony fishes
lumpenopsis hypochroma,NA,Bony fishes
lumpenus fabricii,NA,Bony fishes
lumpenus lampretaeformis,NA,Bony fishes
lumpenus sagitta,NA,Bony fishes
lutra lutra,12419,Marine mammals
lycenchelys alba,NA,Bony fishes
lycenchelys albomaculata,NA,Bony fishes
lycenchelys aurantiaca,NA,Bony fishes
lycenchelys camchatica,NA,Bony fishes
lycenchelys crotalinus,NA,Bony fishes
lycenchelys hippopotamus,154922,Bony fishes
lycenchelys jordani,NA,Bony fishes
lycenchelys kolthoffi,NA,Bony fishes
lycenchelys melanostomias,NA,Bony fishes
lycenchelys micropora,NA,Bony fishes
lycenchelys muraena,NA,Bony fishes
lycenchelys paxillus,NA,Bony fishes
lycenchelys pearcyi,NA,Bony fishes
lycenchelys porifer,NA,Bony fishes
lycenchelys rassi,NA,Bony fishes
lycenchelys ratmanovi,NA,Bony fishes
lycenchelys sarsii,NA,Bony fishes
lycenchelys squamosa,NA,Bony fishes
lycodapus endemoscotus,NA,Bony fishes
lycodapus fierasfer,NA,Bony fishes
lycodapus mandibularis,NA,Bony fishes
lycodapus microchir,NA,Bony fishes
lycodapus pachysoma,NA,Bony fishes
lycodapus parviceps,NA,Bony fishes
lycodapus poecilus,NA,Bony fishes
lycodapus psarostomatus,NA,Bony fishes
lycodes adolfi,NA,Bony fishes
lycodes beringi,NA,Bony fishes
lycodes brevipes,NA,Bony fishes
lycodes brunneofasciatus,NA,Bony fishes
lycodes concolor,155161,Bony fishes
lycodes diapterus,NA,Bony fishes
lycodes esmarkii,NA,Bony fishes
lycodes eudipleurostictus,NA,Bony fishes
lycodes frigidus,NA,Bony fishes
lycodes gracilis,NA,Bony fishes
lycodes hubbsi,NA,Bony fishes
lycodes jugoricus,154953,Bony fishes
lycodes lavalaei,NA,Bony fishes
lycodes marisalbi,NA,Bony fishes
lycodes mcallisteri,NA,Bony fishes
lycodes mucosus,NA,Bony fishes
lycodes paamiuti,155204,Bony fishes
lycodes pacificus,NA,Bony fishes
lycodes palearis,NA,Bony fishes
lycodes pallidus,NA,Bony fishes
lycodes polaris,NA,Bony fishes
lycodes raridens,NA,Bony fishes
lycodes reticulatus,NA,Bony fishes
lycodes rossi,NA,Bony fishes
lycodes sagittarius,NA,Bony fishes
lycodes seminudus,NA,Bony fishes
lycodes squamiventer,NA,Bony fishes
lycodes tanakae,NA,Bony fishes
lycodes terraenovae,NA,Bony fishes
lycodes turneri,NA,Bony fishes
lycodes vahlii,NA,Bony fishes
lycodonus flagellicauda,NA,Bony fishes
lycodonus mirabilis,NA,Bony fishes
lyonsia arenosa,NA,Molluscs
lyonsia californica,NA,Molluscs
lyopsetta exilis,154845,Bony fishes
macrocephenchelys brevirostris,199116,Bony fishes
macroparalepis affinis,13485631,Bony fishes
macroparalepis danae,123325166,Bony fishes
macropinna microstoma,NA,Bony fishes
macropipus tuberculatus,NA,Crustaceans
macropodia longirostris,NA,Crustaceans
macropodia tenuirostris,NA,Crustaceans
macroregonia macrochira,NA,Crustaceans
macrostylis spinifera,NA,Crustaceans
macrouroides inflaticeps,60475627,Bony fishes
macrourus berglax,NA,Bony fishes
madrepora oculata,NA,Corals and anemones
magnisudis atlantica,13485635,Bony fishes
magnisudis indica,123325459,Bony fishes
malacocottus aleuticus,NA,Bony fishes
malacocottus gibber,NA,Bony fishes
malacocottus kincaidi,NA,Bony fishes
malacocottus zonurus,NA,Bony fishes
malacoraja kreffti,63125,Elasmobranchs
malacoraja senta,161477,Elasmobranchs
malacoraja spinacidermis,63126,Elasmobranchs
malacosteus niger,190149,Bony fishes
maldane glebifex,NA,Polychaetes
maldane sarsi,NA,Polychaetes
mallotus villosus,NA,Bony fishes
malthopsis gigas,140346387,Bony fishes
malthopsis mitrigera,140346508,Bony fishes
marsenina glabra,NA,Molluscs
mastigopterus imperator,137568477,Bony fishes
mataeocephalus kotlyari,NA,Bony fishes
maulisia acuticeps,21104620,Bony fishes
maulisia argipalla,57453720,Bony fishes
maulisia mauli,18155946,Bony fishes
maulisia microlepis,21108245,Bony fishes
maurolicus amethystinopunctatus,60476220,Bony fishes
maurolicus muelleri,198760,Bony fishes
maurolicus weitzmani,190313,Bony fishes
megaciella pilosa,NA,Sponges
megalocottus platycephalus,NA,Bony fishes
meganyctiphanes norvegica,NA,Crustaceans
megaptera novaeangliae,13006,Marine mammals
megaptera novaeangliae,132832,Marine mammals
megaptera novaeangliae,132835,Marine mammals
melamphaes lugubris,137569875,Bony fishes
melanella alba,NA,Molluscs
melanitta americana,22732425,Seabirds
melanitta deglandi,22734194,Seabirds
melanitta fusca,22724836,Seabirds
melanitta nigra,22724879,Seabirds
melanitta perspicillata,22680441,Seabirds
melanogrammus aeglefinus,13045,Bony fishes
melanolagus bericoides,190485,Bony fishes
melanonus zugmayeri,15522213,Bony fishes
melanostigma atlanticum,198723,Bony fishes
melanostomias niger,21133045,Bony fishes
melarhaphe neritoides,NA,Molluscs
melinna cristata,NA,Polychaetes
melinna elisabethae,NA,Polychaetes
melinna palmata,NA,Polychaetes
melinnopsis arctica,NA,Polychaetes
meningodora marptocheles,NA,Crustaceans
meningodora mollis,NA,Crustaceans
meningodora vesca,NA,Crustaceans
mentodus facilis,60479648,Bony fishes
mentodus perforatus,60480946,Bony fishes
mentodus rostratus,60481184,Bony fishes
mergus merganser,22680492,Seabirds
mergus serrator,22680485,Seabirds
merlangius merlangus,198585,Bony fishes
merluccius merluccius,198562,Bony fishes
mesoplodon bidens,13241,Marine mammals
mesoplodon carlhubbsi,13243,Marine mammals
mesoplodon densirostris,13244,Marine mammals
mesoplodon stejnegeri,13252,Marine mammals
mesopodopsis slabberi,NA,Crustaceans
metacarcinus magister,NA,Crustaceans
metapenaeopsis gerardoi,NA,Crustaceans
metridium farcimen,NA,Corals and anemones
metridium senile,NA,Corals and anemones
michelopagurus limatulus,NA,Crustaceans
micrenophrys lilljeborgii,18237151,Bony fishes
microchlamylla gracilis,NA,Molluscs
microcottus sellaris,NA,Bony fishes
microgadus proximus,NA,Bony fishes
microlophichthys microlophus,42830277,Bony fishes
micromesistius poutassou,NA,Bony fishes
microphis brachyurus,181547,Bony fishes
microstomus achne,158632464,Bony fishes
microstomus kitt,18227047,Bony fishes
microstomus pacificus,158632595,Bony fishes
mirognathus normani,NA,Bony fishes
mirounga angustirostris,13581,Marine mammals
mola mola,190422,Bony fishes
molva dypterygia,NA,Bony fishes
molva molva,NA,Bony fishes
monoculodes packardi,NA,Crustaceans
monodaeus couchii,NA,Crustaceans
monodon monoceros,13704,Marine mammals
monomitopus garmani,137575412,Bony fishes
monomitopus kumae,137575497,Bony fishes
monomitopus torvus,137575848,Bony fishes
mora moro,198602,Bony fishes
morus bassanus,22696657,Seabirds
mullus surmuletus,198674,Bony fishes
munida armilla,NA,Crustaceans
munida endeavourae,NA,Crustaceans
munida kuboi,NA,Crustaceans
munida magniantennulata,NA,Crustaceans
munida pygmaea,NA,Crustaceans
munida quadrispina,NA,Crustaceans
munida rugosa,NA,Crustaceans
munida thoe,NA,Crustaceans
munida tuberculata,NA,Crustaceans
munida typhle,NA,Crustaceans
munidopsis andamanica,NA,Crustaceans
munidopsis crassa,NA,Crustaceans
munidopsis curvirostra,NA,Crustaceans
munidopsis dasypus,NA,Crustaceans
munidopsis debilis,NA,Crustaceans
munidopsis lauensis,NA,Crustaceans
munidopsis levis,NA,Crustaceans
munidopsis pilosa,NA,Crustaceans
munidopsis regia,NA,Crustaceans
munidopsis serricornis,NA,Crustaceans
munidopsis treis,NA,Crustaceans
munna antarctica,NA,Crustaceans
munna fabricii,NA,Crustaceans
munna globicauda,NA,Crustaceans
munnopsis typica,NA,Crustaceans
munnopsurus giganteus,NA,Crustaceans
muricea fruticosa,NA,Corals and anemones
muusoctopus hokkaidensis,163217,Cephalopods
muusoctopus leioderma,163385,Cephalopods
muusoctopus profundorum,163406,Cephalopods
mycale contarenii,NA,Sponges
mycale lingua,NA,Sponges
myctophum orientale,130345331,Bony fishes
myctophum punctatum,190453,Bony fishes
myoxocephalus brandtii,NA,Bony fishes
myoxocephalus niger,NA,Bony fishes
myoxocephalus polyacanthocephalus,NA,Bony fishes
myoxocephalus quadricornis,14214,Bony fishes
myoxocephalus scorpioides,NA,Bony fishes
myoxocephalus scorpius,NA,Bony fishes
myoxocephalus stelleri,NA,Bony fishes
myriotrochus eurycyclus,NA,Echinoderms
myriotrochus rinkii,NA,Echinoderms
mysia undata,NA,Molluscs
mysidella typica,NA,Crustaceans
mysidetes farrani,NA,Crustaceans
mysidopsis angusta,NA,Crustaceans
mysidopsis gibbosa,NA,Crustaceans
myxicola infundibulum,NA,Polychaetes
myxilla incrustans,NA,Sponges
myxine glutinosa,196057,Bony fishes
myxine jespersenae,196061,Bony fishes
myxine limosa,NA,Bony fishes
myxoderma sacculatum,NA,Echinoderms
nannobrachium crypticum,NA,Bony fishes
nannobrachium gibbsi,155320,Bony fishes
nannobrachium regale,NA,Bony fishes
nansenia ardesiaca,NA,Bony fishes
nansenia candida,NA,Bony fishes
nansenia groenlandica,18140801,Bony fishes
narcetes stomias,18140291,Bony fishes
nassaria spinigera,NA,Molluscs
natatolana borealis,NA,Crustaceans
natatolana intermedia,NA,Crustaceans
natatolana meridionalis,NA,Crustaceans
nautichthys oculofasciatus,158882395,Bony fishes
nautichthys pribilovius,NA,Bony fishes
nautichthys robustus,NA,Bony fishes
neanthes kerguelensis,NA,Polychaetes
nearchaster aciculosus,NA,Echinoderms
nearchaster variabilis,NA,Echinoderms
nectoliparis pelagicus,NA,Bony fishes
nematobrachion sexspinosum,NA,Crustaceans
nematocarcinus combensis,NA,Crustaceans
nematocarcinus cursor,NA,Crustaceans
nematocarcinus ensifer,NA,Crustaceans
nematocarcinus rotundus,NA,Crustaceans
nematocarcinus tenuirostris,NA,Crustaceans
nemichthys scolopaceus,190214,Bony fishes
neoamphitrite affinis,NA,Polychaetes
neobirsteiniamysis inermis,NA,Crustaceans
neobythites fasciatus,141357698,Bony fishes
neobythites longipes,141357925,Bony fishes
neocyttus helgae,NA,Bony fishes
neolaeops microphthalmus,123496476,Bony fishes
neoleanira tetragona,NA,Polychaetes
neonesthes microcephalus,21133058,Bony fishes
neoscopelus macrolepidotus,15601909,Bony fishes
neoscopelus porosus,130353401,Bony fishes
neosergestes edwardsii,NA,Crustaceans
neozoarces steindachneri,NA,Bony fishes
nephrops norvegicus,169967,Crustaceans
nephropsis atlantica,170044,Crustaceans
nephtys cirrosa,NA,Polychaetes
nephtys incisa,NA,Polychaetes
nephtys paradoxa,NA,Polychaetes
nepotilla amoena,NA,Molluscs
neptunea arthritica,NA,Molluscs
neptunea despecta,NA,Molluscs
neptunea lyrata,NA,Molluscs
nereiphylla castanea,NA,Polychaetes
nereis pelagica,NA,Polychaetes
nereis zonata,NA,Polychaetes
nessorhamphus ingolfianus,199401,Bony fishes
nettastoma solitarium,NA,Bony fishes
neverita lewisii,NA,Molluscs
nezumia bairdii,NA,Bony fishes
nezumia longebarbata,190338,Bony fishes
nezumia spinosa,NA,Bony fishes
nicolea zostericola,NA,Polychaetes
nicomache venticola,NA,Polychaetes
notacanthus abbotti,NA,Bony fishes
notacanthus chemnitzii,195852,Bony fishes
nothria conchylega,NA,Polychaetes
notomastus latericeus,NA,Polychaetes
notopogon armatus,65362908,Bony fishes
notoscopelus kroyeri,60481936,Bony fishes
notoscopelus resplendens,15601872,Bony fishes
notostomus elegans,NA,Crustaceans
notostomus gibbosus,NA,Crustaceans
nototropis vedlomensis,NA,Crustaceans
nucella lapillus,NA,Molluscs
nutricola lordi,NA,Molluscs
nymphon brevirostre,NA,Crustaceans
nymphon brevitarse,NA,Crustaceans
nymphon chainae,NA,Crustaceans
nymphon elegans,NA,Crustaceans
nymphon gracile,NA,Crustaceans
nymphon grossipes,NA,Crustaceans
nymphon hirtipes,NA,Crustaceans
nymphon hirtum,NA,Crustaceans
nymphon leptocheles,NA,Crustaceans
nymphon longitarse,NA,Crustaceans
nymphon macronyx,NA,Crustaceans
nymphon macrum,NA,Crustaceans
nymphon microrhynchum,NA,Crustaceans
nymphon pixellae,NA,Crustaceans
nymphon serratum,NA,Crustaceans
nymphon sluiteri,NA,Crustaceans
nymphon stroemi,NA,Crustaceans
nymphon subtile,NA,Crustaceans
nymphon tenellum,NA,Crustaceans
oasisia alvinae,NA,Polychaetes
obtusella intersecta,NA,Molluscs
occella dodecaedron,NA,Bony fishes
oceanites oceanicus,22698436,Seabirds
oceanodroma leucorhoa,132438298,Seabirds
ocnus glacialis,NA,Echinoderms
ocnus lacteus,NA,Echinoderms
ocnus planci,NA,Echinoderms
octopus rubescens,163145,Cephalopods
ocythoe tuberculata,163075,Cephalopods
odobenus rosmarus,15106,Marine mammals
odobenus rosmarus,15108,Marine mammals
odobenus rosmarus,61963499,Marine mammals
odontomacrurus murrayi,60482037,Bony fishes
odontopyxis trispinosa,NA,Bony fishes
odontostomops normalops,13462731,Bony fishes
odontozona libertae,NA,Crustaceans
odostomia turrita,NA,Molluscs
odostomia unidentata,NA,Molluscs
oenopota elegans,NA,Molluscs
oenopota impressa,NA,Molluscs
oenopota obliqua,NA,Molluscs
oenopota pyramidalis,NA,Molluscs
oligocottus maculosus,NA,Bony fishes
oligocottus snyderi,NA,Bony fishes
omalogyra atomus,NA,Molluscs
onchidiopsis glacialis,NA,Molluscs
onchidoris bilamellata,NA,Molluscs
onchidoris muricata,NA,Molluscs
oncorhynchus clarkii,NA,Bony fishes
oncorhynchus gorbuscha,NA,Bony fishes
oncorhynchus keta,NA,Bony fishes
oncorhynchus kisutch,NA,Bony fishes
oncorhynchus mykiss,NA,Bony fishes
oncorhynchus nerka,135301,Bony fishes
oncorhynchus nerka,135302,Bony fishes
oncorhynchus nerka,135303,Bony fishes
oncorhynchus nerka,135306,Bony fishes
oncorhynchus nerka,135308,Bony fishes
oncorhynchus nerka,135309,Bony fishes
oncorhynchus nerka,135310,Bony fishes
oncorhynchus nerka,135311,Bony fishes
oncorhynchus nerka,135312,Bony fishes
oncorhynchus nerka,135313,Bony fishes
oncorhynchus nerka,135315,Bony fishes
oncorhynchus nerka,135316,Bony fishes
oncorhynchus nerka,135317,Bony fishes
oncorhynchus nerka,135318,Bony fishes
oncorhynchus nerka,135319,Bony fishes
oncorhynchus nerka,135320,Bony fishes
oncorhynchus nerka,135321,Bony fishes
oncorhynchus nerka,135322,Bony fishes
oncorhynchus nerka,135323,Bony fishes
oncorhynchus nerka,135324,Bony fishes
oncorhynchus nerka,135325,Bony fishes
oncorhynchus nerka,135326,Bony fishes
oncorhynchus nerka,135327,Bony fishes
oncorhynchus nerka,135328,Bony fishes
oncorhynchus nerka,135329,Bony fishes
oncorhynchus nerka,135330,Bony fishes
oncorhynchus nerka,135331,Bony fishes
oncorhynchus nerka,135332,Bony fishes
oncorhynchus nerka,135333,Bony fishes
oncorhynchus nerka,135334,Bony fishes
oncorhynchus nerka,135335,Bony fishes
oncorhynchus nerka,135336,Bony fishes
oncorhynchus nerka,135337,Bony fishes
oncorhynchus nerka,135338,Bony fishes
oncorhynchus nerka,135339,Bony fishes
oncorhynchus nerka,135340,Bony fishes
oncorhynchus nerka,135341,Bony fishes
oncorhynchus nerka,135342,Bony fishes
oncorhynchus nerka,135343,Bony fishes
oncorhynchus nerka,135344,Bony fishes
oncorhynchus nerka,135345,Bony fishes
oncorhynchus nerka,135346,Bony fishes
oncorhynchus nerka,135347,Bony fishes
oncorhynchus nerka,135348,Bony fishes
oncorhynchus nerka,135351,Bony fishes
oncorhynchus nerka,135352,Bony fishes
oncorhynchus nerka,135353,Bony fishes
oncorhynchus nerka,135354,Bony fishes
oncorhynchus nerka,135355,Bony fishes
oncorhynchus nerka,135356,Bony fishes
oncorhynchus nerka,135357,Bony fishes
oncorhynchus nerka,135358,Bony fishes
oncorhynchus nerka,135359,Bony fishes
oncorhynchus nerka,135360,Bony fishes
oncorhynchus nerka,135361,Bony fishes
oncorhynchus nerka,135362,Bony fishes
oncorhynchus nerka,135363,Bony fishes
oncorhynchus nerka,135365,Bony fishes
oncorhynchus nerka,135366,Bony fishes
oncorhynchus nerka,135368,Bony fishes
oncorhynchus nerka,135369,Bony fishes
oncorhynchus nerka,135370,Bony fishes
oncorhynchus nerka,135371,Bony fishes
oncorhynchus nerka,135372,Bony fishes
oncorhynchus nerka,135373,Bony fishes
oncorhynchus nerka,135374,Bony fishes
oncorhynchus nerka,135375,Bony fishes
oncorhynchus nerka,135376,Bony fishes
oncorhynchus nerka,135377,Bony fishes
oncorhynchus nerka,135379,Bony fishes
oncorhynchus nerka,135380,Bony fishes
oncorhynchus nerka,135381,Bony fishes
oncorhynchus nerka,201429,Bony fishes
oncorhynchus nerka,201430,Bony fishes
oncorhynchus nerka,201431,Bony fishes
oncorhynchus nerka,201432,Bony fishes
oncorhynchus nerka,201433,Bony fishes
oncorhynchus nerka,201434,Bony fishes
oncorhynchus nerka,201435,Bony fishes
oncorhynchus nerka,201436,Bony fishes
oncorhynchus nerka,201437,Bony fishes
oncorhynchus nerka,201438,Bony fishes
oncorhynchus nerka,201439,Bony fishes
oncorhynchus nerka,201440,Bony fishes
oncorhynchus nerka,201441,Bony fishes
oncorhynchus nerka,201442,Bony fishes
oncorhynchus nerka,201444,Bony fishes
oncorhynchus nerka,201445,Bony fishes
oncorhynchus nerka,201446,Bony fishes
oncorhynchus nerka,201447,Bony fishes
oncorhynchus nerka,201448,Bony fishes
oncorhynchus nerka,201449,Bony fishes
oncorhynchus nerka,201450,Bony fishes
oncorhynchus nerka,201451,Bony fishes
oncorhynchus nerka,201452,Bony fishes
oncorhynchus nerka,201453,Bony fishes
oncorhynchus nerka,201454,Bony fishes
oncorhynchus nerka,201499,Bony fishes
oncorhynchus nerka,201500,Bony fishes
oncorhynchus tshawytscha,NA,Bony fishes
oneirodes anisacanthus,67965222,Bony fishes
oneirodes bulbosus,140348493,Bony fishes
oneirodes carlsbergi,18128090,Bony fishes
oneirodes eschrichtii,18128749,Bony fishes
oneirodes luetkeni,155305,Bony fishes
oneirodes macrosteus,60482102,Bony fishes
oneirodes myrionemus,60482105,Bony fishes
oneirodes rosenblatti,140349409,Bony fishes
oneirodes sabex,140349438,Bony fishes
oneirodes thompsoni,140349619,Bony fishes
onoba aculeus,NA,Molluscs
onoba mighelsii,NA,Molluscs
onoba semicostata,NA,Molluscs
onychoprion aleuticus,22694716,Seabirds
opalia wroblewskyi,NA,Molluscs
ophelia denticulata,NA,Polychaetes
ophelina acuminata,NA,Polychaetes
ophelina cylindricaudata,NA,Polychaetes
ophiacantha bathybia,NA,Echinoderms
ophiacantha bidentata,NA,Echinoderms
ophiacantha diplasia,NA,Echinoderms
ophiacantha eurypoma,NA,Echinoderms
ophiacantha rhachophora,NA,Echinoderms
ophiacantha rosea,NA,Echinoderms
ophiocomina nigra,NA,Echinoderms
ophiocreas oedipus,NA,Echinoderms
ophiocreas sibogae,NA,Echinoderms
ophiocten hastatum,NA,Echinoderms
ophiocten sericeum,NA,Echinoderms
ophiodon elongatus,NA,Bony fishes
ophiolamina eprae,NA,Echinoderms
ophiolimna bairdi,NA,Echinoderms
ophiolimna perfida,NA,Echinoderms
ophiomusa facunda,NA,Echinoderms
ophiomusa lymani,NA,Echinoderms
ophiomyxa bengalensis,NA,Echinoderms
ophiopholis aculeata,NA,Echinoderms
ophiopholis japonica,NA,Echinoderms
ophiopholis kennerlyi,NA,Echinoderms
ophiopholis longispina,NA,Echinoderms
ophiophthalmus cataleimmoidus,NA,Echinoderms
ophiophthalmus normani,NA,Echinoderms
ophiopleura borealis,NA,Echinoderms
ophioplinthaca globata,NA,Echinoderms
ophioplinthaca rudis,NA,Echinoderms
ophiosphalma glabrum,NA,Echinoderms
ophiosphalma jolliense,NA,Echinoderms
ophiothrix fragilis,NA,Echinoderms
ophiothrix spiculata,NA,Echinoderms
ophiotreta matura,NA,Echinoderms
ophiura aequalis,NA,Echinoderms
ophiura albida,NA,Echinoderms
ophiura cryptolepis,NA,Echinoderms
ophiura flagellata,NA,Echinoderms
ophiura leptoctenia,NA,Echinoderms
ophiura ophiura,NA,Echinoderms
ophiura robusta,NA,Echinoderms
ophiura sarsii,NA,Echinoderms
ophiuroglypha irrorata,NA,Echinoderms
ophiurothamnus clausa,NA,Echinoderms
ophryotrocha globopalpata,NA,Polychaetes
opisthocentrus ocellatus,NA,Bony fishes
opisthocentrus tenuis,NA,Bony fishes
opisthocentrus zonope,NA,Bony fishes
opisthoproctus soleatus,18155920,Bony fishes
opisthoteuthis californiana,163065,Cephalopods
opisthoteuthis calypso,176050,Cephalopods
opisthoteuthis massyae,163141,Cephalopods
orchomenella obtusa,NA,Crustaceans
orcinus orca,15421,Marine mammals
orcinus orca,132948040,Marine mammals
oregonia gracilis,NA,Crustaceans
orthasterias koehleri,NA,Echinoderms
osmerus dentex,NA,Bony fishes
osmerus eperlanus,NA,Bony fishes
osmerus mordax,202413,Bony fishes
osteodiscus cascadiae,NA,Bony fishes
ostracoberyx dorygenys,143616537,Bony fishes
ostracoberyx paxtoni,143616584,Bony fishes
owenia fusiformis,NA,Polychaetes
oxynoe viridis,NA,Molluscs
oxynotus centrina,63141,Elasmobranchs
pachycara lepinium,NA,Bony fishes
pachymatisma johnstonia,NA,Sponges
paciocinebrina interfossa,NA,Molluscs
paelopatides confundens,180325,Echinoderms
pagonana rostrata,NA,Crustaceans
pagophila eburnea,22694473,Seabirds
pagophilus groenlandicus,41671,Marine mammals
paguristes ulreyi,NA,Crustaceans
pagurus alatus,NA,Crustaceans
palaemon adspersus,NA,Crustaceans
palaemon elegans,NA,Crustaceans
palaemon mundusnovus,NA,Crustaceans
palaemon northropi,NA,Crustaceans
palaemon pugio,NA,Crustaceans
palaemon vulgaris,NA,Crustaceans
pallasina barbata,NA,Bony fishes
pandalus borealis,NA,Crustaceans
pandalus danae,NA,Crustaceans
pandalus dispar,NA,Crustaceans
pandalus eous,NA,Crustaceans
pandalus goniurus,NA,Crustaceans
pandalus hypsinotus,NA,Crustaceans
pandalus jordani,NA,Crustaceans
pandalus montagui,NA,Crustaceans
pandalus platyceros,NA,Crustaceans
pandalus stenolepis,NA,Crustaceans
pandalus tridens,NA,Crustaceans
pandora filosa,NA,Molluscs
pandora glacialis,NA,Molluscs
pandora inaequivalvis,NA,Molluscs
pandora wardiana,NA,Molluscs
pantomus affinis,NA,Crustaceans
pantopipetta longituberculata,NA,Crustaceans
parabothus coarctatus,69778452,Bony fishes
paracyathus stearnsii,NA,Corals and anemones
paraheminodus murrayi,NA,Bony fishes
parahepomadus vaubani,NA,Crustaceans
paralepis coregonoides,194999,Bony fishes
paralepis elongata,20885933,Bony fishes
paraliparis bathybius,NA,Bony fishes
paraliparis cephalus,NA,Bony fishes
paraliparis copei,154981,Bony fishes
paraliparis dactylosus,NA,Bony fishes
paraliparis deani,NA,Bony fishes
paraliparis garmani,NA,Bony fishes
paraliparis holomelas,NA,Bony fishes
paraliparis hystrix,18237772,Bony fishes
paraliparis paucidens,NA,Bony fishes
paraliparis pectoralis,NA,Bony fishes
paraliparis rosaceus,NA,Bony fishes
paraliparis ulochir,NA,Bony fishes
paralithodes brevipes,NA,Crustaceans
paralithodes camtschaticus,NA,Crustaceans
paralithodes platypus,NA,Crustaceans
paralomis hirtella,NA,Crustaceans
paralomis verrilli,NA,Crustaceans
paramphithoe hystrix,NA,Crustaceans
paramysis arenosa,NA,Crustaceans
paramysis helleri,NA,Crustaceans
paranymphon spinosum,NA,Crustaceans
paraonis fulgens,NA,Polychaetes
parapasiphae cristata,NA,Crustaceans
parapasiphae sulcatifrons,NA,Crustaceans
parapenaeus lanceolatus,NA,Crustaceans
parapontocaris aspera,NA,Crustaceans
parapontocaris levigata,NA,Crustaceans
parapontophilus longirostris,NA,Crustaceans
parascombrops nakayamai,NA,Bony fishes
parasergestes armatus,NA,Crustaceans
parastichopus tremulus,180223,Echinoderms
parataeniophorus brevis,123361038,Bony fishes
paratriacanthodes retrospinis,NA,Bony fishes
paratyphlotanais microcheles,NA,Crustaceans
parerythrops obesus,NA,Crustaceans
parerythrops spectabilis,NA,Crustaceans
paroediceros lynceus,NA,Crustaceans
parophrys vetulus,158632774,Bony fishes
parthenina eximia,NA,Molluscs
parvilux boschmai,129511143,Bony fishes
pasiphaea pacifica,NA,Crustaceans
pasiphaea planidorsalis,NA,Crustaceans
pasiphaea tarda,NA,Crustaceans
patiria miniata,NA,Echinoderms
paucibranchia bellii,NA,Polychaetes
pectinaster agassizi,NA,Echinoderms
pectinaster mimicus,NA,Echinoderms
pedicellaster magister,NA,Echinoderms
peltodoris nobilis,NA,Molluscs
penaeopsis eduardoi,NA,Crustaceans
penaeopsis jerryi,NA,Crustaceans
penaeopsis serrata,NA,Crustaceans
pennatula aculeata,NA,Corals and anemones
pennatula phosphorea,NA,Corals and anemones
penopus microphthalmus,60482312,Bony fishes
pentaceros wheeleri,NA,Bony fishes
pentamera calcigera,NA,Echinoderms
pentamera chiloensis,NA,Echinoderms
pentherichthys atratus,60482374,Bony fishes
pentidotea wosnesenskii,NA,Crustaceans
percis japonica,NA,Bony fishes
periclimenaeus ascidiarum,NA,Crustaceans
periclimenaeus bredini,NA,Crustaceans
periclimenaeus caraibicus,NA,Crustaceans
periclimenaeus maxillulidens,NA,Crustaceans
periclimenaeus perlatus,NA,Crustaceans
periclimenaeus schmitti,NA,Crustaceans
periclimenaeus wilsoni,NA,Crustaceans
periclimenes harringtoni,NA,Crustaceans
perinereis cultrifera,NA,Polychaetes
peringia ulvae,NA,Molluscs
peristedion crustosum,NA,Bony fishes
petaloproctus terricolus,NA,Polychaetes
petricola carditoides,NA,Molluscs
petricolaria pholadiformis,NA,Molluscs
phalacrocorax auritus,22696776,Seabirds
phalacrocorax carbo,22696792,Seabirds
phalaropus fulicarius,22693494,Seabirds
phalaropus lobatus,22693490,Seabirds
pherusa plumosa,NA,Polychaetes
philine aperta,NA,Molluscs
philine denticulata,NA,Molluscs
philine polystrigma,NA,Molluscs
philinorbis albus,NA,Molluscs
phoca largha,17023,Marine mammals
phoca vitulina,17013,Marine mammals
phoca vitulina,17014,Marine mammals
phoca vitulina,17020,Marine mammals
phoca vitulina,17021,Marine mammals
phoca vitulina,17022,Marine mammals
phocoena phocoena,17027,Marine mammals
phocoena phocoena,17030,Marine mammals
phocoenoides dalli,17032,Marine mammals
phoebastria albatrus,22698335,Seabirds
phoebastria immutabilis,22698365,Seabirds
phoebastria nigripes,22698350,Seabirds
pholidapus dybowskii,NA,Bony fishes
pholis fasciata,NA,Bony fishes
pholis gunnellus,NA,Bony fishes
pholis laeta,NA,Bony fishes
pholis picta,NA,Bony fishes
pholoe minuta,NA,Polychaetes
phorcosergia grandis,NA,Crustaceans
photis longicaudata,NA,Crustaceans
photocorynus spiniceps,42830286,Bony fishes
photostylus pycnopterus,190298,Bony fishes
phoxichilidium femoratum,NA,Crustaceans
phrynorhombus norvegicus,18227064,Bony fishes
phtisica marina,NA,Crustaceans
phycis blennoides,NA,Bony fishes
phyllochaetopterus prolifica,NA,Polychaetes
phyllodoce groenlandica,NA,Polychaetes
phyllodoce longipes,NA,Polychaetes
phyllodoce maculata,NA,Polychaetes
phyllodoce madeirensis,NA,Polychaetes
phyllodoce mucosa,NA,Polychaetes
phyllolithodes papillosus,NA,Crustaceans
phyllorhinichthys micractis,60482562,Bony fishes
physeter macrocephalus,41755,Marine mammals
physiculus nigrescens,NA,Bony fishes
physiculus roseus,154984,Bony fishes
phytichthys chirus,NA,Bony fishes
pileolaria berkeleyana,NA,Polychaetes
piliscus commodus,NA,Molluscs
pilumnoides perlatus,NA,Crustaceans
pirimela denticulata,NA,Crustaceans
pisaster ochraceus,NA,Echinoderms
pisione remota,NA,Polychaetes
pista brevibranchiata,NA,Polychaetes
pista cristata,NA,Polychaetes
pista maculata,NA,Polychaetes
placida dendritica,NA,Molluscs
platichthys flesus,135717,Bony fishes
platichthys stellatus,19014407,Bony fishes
platymaia fimbriata,NA,Crustaceans
platynereis australis,NA,Polychaetes
platytroctes apus,190217,Bony fishes
plectrogenium nanum,155322,Bony fishes
plesionika alcocki,NA,Crustaceans
plesionika bifurca,NA,Crustaceans
plesionika holthuisi,NA,Crustaceans
plesionika indica,NA,Crustaceans
plesionika reflexa,NA,Crustaceans
plesionika spinipes,NA,Crustaceans
plesionika williamsi,NA,Crustaceans
pleurocorallium secundum,NA,Corals and anemones
pleurogonium inerme,NA,Crustaceans
pleurogonium rubicundum,NA,Crustaceans
pleurogonium spinosissimum,NA,Crustaceans
pleurogrammus monopterygius,NA,Bony fishes
pleuronectes platessa,135690,Bony fishes
pleuronectes putnami,158632357,Bony fishes
pleuronectes quadrituberculatus,158632875,Bony fishes
pleuronichthys coenosus,158632931,Bony fishes
plicifusus kroyeri,NA,Molluscs
podiceps auritus,22696606,Seabirds
podiceps grisegena,22696599,Seabirds
podothecus accipenserinus,NA,Bony fishes
podothecus sachi,NA,Bony fishes
podothecus sturioides,NA,Bony fishes
podothecus veternus,NA,Bony fishes
poecillastra compressa,NA,Sponges
poecilochaetus serpens,NA,Polychaetes
poecilopsetta colorata,123501294,Bony fishes
poecilopsetta praelonga,123501367,Bony fishes
poliometra prolixa,NA,Echinoderms
polititapes rhomboides,NA,Molluscs
politolana impostor,NA,Crustaceans
pollachius pollachius,18125103,Bony fishes
pollachius virens,NA,Bony fishes
polyacanthonotus challengeri,190403,Bony fishes
polybius henslowii,NA,Crustaceans
polycera quadrilineata,NA,Molluscs
polycheles typhlops,185026,Crustaceans
polycirrus arcticus,NA,Polychaetes
polydora cornuta,NA,Polychaetes
polydora hoplura,NA,Polychaetes
polyipnus asteroides,135434516,Bony fishes
polyipnus polli,21132879,Bony fishes
polyipnus soelae,141367781,Bony fishes
polyipnus triphanos,141367864,Bony fishes
polymastia pacifica,NA,Sponges
polymetme thaeocoryla,190258,Bony fishes
polymyces wellsi,NA,Corals and anemones
polyophthalmus pictus,NA,Polychaetes
polypera greeni,NA,Bony fishes
polyphysia crassa,NA,Polychaetes
polyprion americanus,43972,Bony fishes
polyprion americanus,43973,Bony fishes
polysticta stelleri,22680415,Seabirds
pomatoschistus microps,135525,Bony fishes
pomatoschistus minutus,198668,Bony fishes
pomatoschistus norvegicus,198552,Bony fishes
pomatoschistus pictus,198550,Bony fishes
pontaster tenuispinus,NA,Echinoderms
pontinus rhodochrous,69798835,Bony fishes
pontocrates arenarius,NA,Crustaceans
pontophilus spinosus,NA,Crustaceans
poraniomorpha tumida,NA,Echinoderms
poraniopsis inflata,NA,Echinoderms
poroclinus rothrocki,NA,Bony fishes
porocottus allisi,NA,Bony fishes
porocottus camtschaticus,NA,Bony fishes
porocottus mednius,NA,Bony fishes
porogadus guentheri,141359957,Bony fishes
porogadus miles,60482748,Bony fishes
poromitra crassiceps,190239,Bony fishes
poromitra curilensis,141364039,Bony fishes
poromitra megalops,60482859,Bony fishes
praephiline finmarchica,NA,Molluscs
praxillella gracilis,NA,Polychaetes
praxillura longissima,NA,Polychaetes
premocyathus cornuformis,NA,Corals and anemones
prionace glauca,39381,Elasmobranchs
prionospio cirrifera,NA,Polychaetes
prionospio malmgreni,NA,Polychaetes
prionospio steenstrupi,NA,Polychaetes
processa canaliculata,NA,Crustaceans
processa nouveli,NA,Crustaceans
proclea graffii,NA,Polychaetes
propebela concinnula,NA,Molluscs
propebela exarata,NA,Molluscs
propebela harpularia,NA,Molluscs
propebela nobilis,NA,Molluscs
propebela rugulata,NA,Molluscs
propebela scalaris,NA,Molluscs
propebela turricula,NA,Molluscs
protodorvillea kefersteini,NA,Polychaetes
protomyctophum arcticum,18129278,Bony fishes
protomyctophum thompsoni,130351028,Bony fishes
psathyrometra fragilis,NA,Echinoderms
psettichthys melanostictus,158633166,Bony fishes
pseudarchaster alascensis,NA,Echinoderms
pseudarchaster dissonus,NA,Echinoderms
pseudarchaster parelii,NA,Echinoderms
pseudexogone dineti,NA,Polychaetes
pseudobathylagus milleri,155009,Bony fishes
pseudocylichna magna,NA,Molluscs
pseudomma affine,NA,Crustaceans
pseudomma nanum,NA,Crustaceans
pseudomma roseum,NA,Crustaceans
pseudomyrophis nimius,199328,Bony fishes
pseudonus squamiceps,135443066,Bony fishes
pseudopallene brevicollis,NA,Crustaceans
pseudopallene circularis,NA,Crustaceans
pseudophallus mindii,65373278,Bony fishes
pseudopleuronectes herzensteini,158637142,Bony fishes
pseudopolydora kempi,NA,Polychaetes
pseudorca crassidens,18596,Marine mammals
pseudostichopus mollis,180381,Echinoderms
pseudostichopus peripatus,180459,Echinoderms
pseudosuberites montiniger,NA,Sponges
pseudothyone raphanus,NA,Echinoderms
pseudotriakis microdon,44566,Elasmobranchs
psilaster pectinatus,NA,Echinoderms
psolus chitonoides,NA,Echinoderms
psolus peronii,NA,Echinoderms
psolus phantapus,NA,Echinoderms
psolus squamatus,NA,Echinoderms
psychrolutes paradoxus,NA,Bony fishes
psychrolutes phrictus,NA,Bony fishes
psychrolutes sigalutes,NA,Bony fishes
pteraster jordani,NA,Echinoderms
pteraster marsippus,NA,Echinoderms
pteraster militaris,NA,Echinoderms
pteraster obscurus,NA,Echinoderms
pteraster pulvillus,NA,Echinoderms
pteraster tesselatus,NA,Echinoderms
pterodroma inexpectata,22697963,Seabirds
pterodroma nigripennis,22697954,Seabirds
pterycombus brama,190330,Bony fishes
pterygotrigla macrorhynchus,114192721,Bony fishes
ptilichthys goodei,NA,Bony fishes
ptilosarcus gurneyi,NA,Corals and anemones
ptychoramphus aleuticus,22694903,Seabirds
puerulus richeri,NA,Crustaceans
puffinus gravis,22698201,Seabirds
puffinus griseus,22698209,Seabirds
puffinus mauretanicus,22728432,Seabirds
puffinus puffinus,22698226,Seabirds
puffinus tenuirostris,22698216,Seabirds
pulcherella pulcher,NA,Crustaceans
pungitius pungitius,18878,Bony fishes
pusa hispida,41672,Marine mammals
pusa hispida,41673,Marine mammals
pusa hispida,41677,Marine mammals
pusa hispida,61382318,Marine mammals
pustularia bistrinotata,NA,Molluscs
puzanovia rubra,NA,Bony fishes
pycnogonum litorale,NA,Crustaceans
pycnogonum stearnsi,NA,Crustaceans
pycnopodia helianthoides,178290276,Echinoderms
pyrulofusus deformis,NA,Molluscs
radulinus asprellus,NA,Bony fishes
raja brachyura,161691,Elasmobranchs
raja clavata,39399,Elasmobranchs
rajella bathyphila,161345,Elasmobranchs
rajella bigelowi,161371,Elasmobranchs
rajella fyllae,197086,Elasmobranchs
rajella kukujevi,161622,Elasmobranchs
rajella lintea,161377,Elasmobranchs
raniceps raninus,18125145,Bony fishes
regalecus glesne,190378,Bony fishes
reinhardtius hippoglossoides,NA,Bony fishes
remora brachyptera,155068,Bony fishes
retidrillia pruina,NA,Molluscs
retusa obtusa,NA,Molluscs
retusa truncatula,NA,Molluscs
retusophiline lima,NA,Molluscs
rhadinesthes decimus,18257501,Bony fishes
rhamphocottus richardsonii,158882723,Bony fishes
rhinoliparis attenuatus,NA,Bony fishes
rhinoliparis barbulifer,NA,Bony fishes
rhizotrochus flabelliformis,NA,Corals and anemones
rhodichthys regina,NA,Bony fishes
rhodine gracilior,NA,Polychaetes
rhodostethia rosea,22694476,Seabirds
rhodymenichthys dolichogaster,NA,Bony fishes
rhynchactis leptonema,140047872,Bony fishes
rhynchactis macrothrix,60483177,Bony fishes
rictaxis punctocaelatus,NA,Molluscs
ridgeia piscesae,NA,Polychaetes
riftia pachyptila,NA,Polychaetes
rimicola muscarum,NA,Bony fishes
rissa brevirostris,22694502,Seabirds
rissa tridactyla,22694497,Seabirds
rissoa parva,NA,Molluscs
rissoella globularis,NA,Molluscs
robustosergia robusta,NA,Crustaceans
rocinela angustata,NA,Crustaceans
rocinela belliceps,NA,Crustaceans
rondeletia loricata,60483273,Bony fishes
ronquilus jordani,NA,Bony fishes
rossia macrosoma,162523,Cephalopods
rossia megaptera,162575,Cephalopods
rossia moelleri,162617,Cephalopods
rossia pacifica,190951,Cephalopods
rossia palpebrosa,162552,Cephalopods
rouleina attrita,15149121,Bony fishes
rouleina livida,NA,Bony fishes
rouleina watasei,NA,Bony fishes
ruscarius meanyi,NA,Bony fishes
sabinea septemcarinata,NA,Crustaceans
saccogaster tuberculata,135443237,Bony fishes
saccopharynx ampullaceus,18227123,Bony fishes
saccopharynx lavenbergi,141363974,Bony fishes
saduria entomon,NA,Crustaceans
saduria sabini,NA,Crustaceans
sagamichthys abei,154750,Bony fishes
sagamichthys schnakenbecki,18155952,Bony fishes
sagenaster evermanni,NA,Echinoderms
salmacina dysteri,NA,Polychaetes
salmacina tribranchiata,NA,Polychaetes
salmo salar,19855,Bony fishes
salmo trutta,NA,Bony fishes
salvatoria clavata,NA,Polychaetes
salvelinus alpinus,NA,Bony fishes
salvelinus fontinalis,NA,Bony fishes
salvelinus leucomaenis,NA,Bony fishes
salvelinus malma,NA,Bony fishes
sarritor frenatus,NA,Bony fishes
sarritor leptorhynchus,NA,Bony fishes
satyrichthys milleri,NA,Bony fishes
saxidomus gigantea,NA,Molluscs
scabrotrophon fabricii,NA,Molluscs
scabrotrophon maltzani,NA,Molluscs
scabrotrophon stuarti,NA,Molluscs
scalibregma inflatum,NA,Polychaetes
scalicus hians,NA,Bony fishes
scalicus investigatoris,114172998,Bony fishes
scaphander lignarius,NA,Molluscs
scaphander pilsbryi,NA,Molluscs
scaphander punctostriatus,NA,Molluscs
schedophilus medusophagus,198648,Bony fishes
schistomysis spiritus,NA,Crustaceans
scintillosergia scintillans,NA,Crustaceans
sclerocrangon ferox,NA,Crustaceans
scolanthus callimorphus,NA,Corals and anemones
scolelepis squamata,NA,Polychaetes
scoletoma fragilis,NA,Polychaetes
scoletoma laurentiana,NA,Polychaetes
scoletoma tenuis,NA,Polychaetes
scoloplos acmeceps,NA,Polychaetes
scomber scombrus,170354,Bony fishes
scomberesox saurus,190211,Bony fishes
scopeloberyx opisthopterus,155189,Bony fishes
scopeloberyx robustus,61934264,Bony fishes
scopeloberyx rubriventer,135432191,Bony fishes
scopelogadus beanii,18238049,Bony fishes
scopelosaurus adleri,123323873,Bony fishes
scopelosaurus harryi,123324008,Bony fishes
scopelosaurus lepidus,190389,Bony fishes
scophthalmus maximus,198731,Bony fishes
scophthalmus rhombus,198732,Bony fishes
scorpaena onaria,79800168,Bony fishes
scyliorhinus canicula,161307554,Elasmobranchs
scytalina cerdale,NA,Bony fishes
searsia koefoedi,190147,Bony fishes
sebastes aleutianus,NA,Bony fishes
sebastes alutus,NA,Bony fishes
sebastes babcocki,NA,Bony fishes
sebastes borealis,NA,Bony fishes
sebastes brevispinis,NA,Bony fishes
sebastes ciliatus,NA,Bony fishes
sebastes crameri,NA,Bony fishes
sebastes diploproa,NA,Bony fishes
sebastes entomelas,NA,Bony fishes
sebastes fasciatus,20084,Bony fishes
sebastes flavidus,NA,Bony fishes
sebastes glaucus,NA,Bony fishes
sebastes helvomaculatus,NA,Bony fishes
sebastes iracundus,NA,Bony fishes
sebastes maliger,NA,Bony fishes
sebastes melanops,NA,Bony fishes
sebastes melanostictus,NA,Bony fishes
sebastes mentella,154816,Bony fishes
sebastes mystinus,NA,Bony fishes
sebastes nebulosus,NA,Bony fishes
sebastes norvegicus,NA,Bony fishes
sebastes paucispinis,20085,Bony fishes
sebastes pinniger,NA,Bony fishes
sebastes polyspinis,NA,Bony fishes
sebastes proriger,NA,Bony fishes
sebastes ruberrimus,NA,Bony fishes
sebastes steindachneri,NA,Bony fishes
sebastes taczanowskii,NA,Bony fishes
sebastes trivittatus,NA,Bony fishes
sebastes variabilis,NA,Bony fishes
sebastes variegatus,NA,Bony fishes
sebastes viviparus,NA,Bony fishes
sebastes wilsoni,NA,Bony fishes
sebastes zacentrus,NA,Bony fishes
sebastolobus alascanus,29609,Bony fishes
sebastolobus altivelis,NA,Bony fishes
sebastolobus macrochir,NA,Bony fishes
semirossia tenera,162616,Cephalopods
semisuberites cribrosa,NA,Sponges
sepia officinalis,162664,Cephalopods
sepietta neglecta,162610,Cephalopods
sepietta oweniana,162557,Cephalopods
sepietta oweniana,162586,Cephalopods
sergestes atlanticus,NA,Crustaceans
sergia remipes,NA,Crustaceans
serpula vermicularis,NA,Polychaetes
serrivomer beanii,190315,Bony fishes
serrivomer lanceolatoides,155227,Bony fishes
serrivomer samoensis,NA,Bony fishes
shinkaia crosnieri,NA,Crustaceans
siboglinum ekmani,NA,Polychaetes
sicyonia dejouanneti,NA,Crustaceans
sicyonia olgae,NA,Crustaceans
sigmistes caulias,NA,Bony fishes
sigmistes smithi,NA,Bony fishes
sigmops elongatus,18252718,Bony fishes
sigmops gracilis,141364523,Bony fishes
siriella armata,NA,Crustaceans
siriella clausii,NA,Crustaceans
siriella jaltensis,NA,Crustaceans
siriella norvegica,NA,Crustaceans
skeneopsis planorbis,NA,Molluscs
solaster dawsoni,NA,Echinoderms
solaster endeca,NA,Echinoderms
solaster paxillatus,NA,Echinoderms
solaster stimpsoni,NA,Echinoderms
solea solea,198739,Bony fishes
solenosmilia variabilis,NA,Corals and anemones
solocisquama stellulata,140347020,Bony fishes
somateria fischeri,22680412,Seabirds
somateria mollissima,22680405,Seabirds
somateria spectabilis,22680409,Seabirds
somniosus microcephalus,60213,Elasmobranchs
somniosus pacificus,161403,Elasmobranchs
spatangus purpureus,NA,Echinoderms
spectrunculus grandis,18139045,Bony fishes
sperosoma biseriatum,NA,Echinoderms
sphoeroides maculatus,190246,Bony fishes
spicomacrurus kuronumai,NA,Bony fishes
spinachia spinachia,18257762,Bony fishes
spinophiura jolliveti,NA,Echinoderms
spio filicornis,NA,Polychaetes
spiochaetopterus costarum,NA,Polychaetes
spiochaetopterus typicus,NA,Polychaetes
spiophanes berkeleyorum,NA,Polychaetes
spiophanes bombyx,NA,Polychaetes
spiophanes kroyeri,NA,Polychaetes
spirinchus thaleichthys,184099,Bony fishes
spirobranchus triqueter,NA,Polychaetes
spondyliosoma cantharus,170258,Bony fishes
spongionella pulchella,NA,Sponges
sprattus sprattus,198583,Bony fishes
squalogadus modificatus,190237,Bony fishes
squalus acanthias,44168,Elasmobranchs
squalus acanthias,44169,Elasmobranchs
squalus acanthias,61409,Elasmobranchs
squalus acanthias,61410,Elasmobranchs
squalus acanthias,61411,Elasmobranchs
squalus acanthias,61414,Elasmobranchs
squalus acanthias,61415,Elasmobranchs
squalus acanthias,91209505,Elasmobranchs
squalus suckleyi,195488,Elasmobranchs
stauroteuthis syrtensis,163172,Cephalopods
stegocephalus inflatus,NA,Crustaceans
stegophiura ponderosa,NA,Echinoderms
stelgistrum stejnegeri,NA,Bony fishes
stelletta clarella,NA,Sponges
stelletta grubii,NA,Sponges
stemonidium hypomelas,199187,Bony fishes
stenobrachius leucopsarus,129511170,Bony fishes
stenobrachius nannochir,129511181,Bony fishes
stephanasterias albula,NA,Echinoderms
stephanocyathus diadema,NA,Corals and anemones
stephanocyathus moseleyanus,NA,Corals and anemones
stephanocyathus nobilis,NA,Corals and anemones
stercorarius longicaudus,22694251,Seabirds
stercorarius maccormicki,22694218,Seabirds
stercorarius parasiticus,22694245,Seabirds
stercorarius pomarinus,22694240,Seabirds
stercorarius skua,22694160,Seabirds
stereomastis nana,185000,Crustaceans
stereomastis sculpta,185012,Crustaceans
sterna hirundo,22694623,Seabirds
sterna paradisaea,22694629,Seabirds
sternaspis scutata,NA,Polychaetes
sternoptyx diaphana,18253296,Bony fishes
sternoptyx obscura,155012,Bony fishes
sthenelais boa,NA,Polychaetes
stichaeopsis epallax,NA,Bony fishes
stichaeopsis nana,NA,Bony fishes
stichaeus grigorjewi,NA,Bony fishes
stichaeus nozawae,NA,Bony fishes
stichaeus punctatus,NA,Bony fishes
stomias boa,198563,Bony fishes
stomias nebulosus,141375291,Bony fishes
stomphia coccinea,NA,Corals and anemones
strongylocentrotus droebachiensis,NA,Echinoderms
strongylocentrotus fragilis,NA,Echinoderms
strongylocentrotus pallidus,NA,Echinoderms
strongylocentrotus purpuratus,NA,Echinoderms
stryphnus ponderosus,NA,Sponges
stylasterias forreri,NA,Echinoderms
stylatula elongata,NA,Corals and anemones
stylocheiron maximum,NA,Crustaceans
stylocordyla borealis,NA,Sponges
suberites carnosus,NA,Sponges
syllis amica,NA,Polychaetes
syllis armillaris,NA,Polychaetes
syllis cornuta,NA,Polychaetes
syllis gracilis,NA,Polychaetes
syllis hyalina,NA,Polychaetes
symbolophorus californiensis,130352266,Bony fishes
symphurus bathyspilus,146948866,Bony fishes
symphurus septemstriatus,146951463,Bony fishes
symphurus strictus,123499266,Bony fishes
synaphobranchus kaupii,155246,Bony fishes
synchirus gilli,NA,Bony fishes
syngnathus acus,198765,Bony fishes
synidotea bicuspida,NA,Crustaceans
synthliboramphus antiquus,22694896,Seabirds
syscenus infelix,NA,Crustaceans
systellaspis braueri,NA,Crustaceans
systellaspis debilis,NA,Crustaceans
systellaspis guillei,NA,Crustaceans
tachyrhynchus erosus,NA,Molluscs
tachyrhynchus reticulatus,NA,Molluscs
tactostoma macropus,141375385,Bony fishes
talismania bifurcata,155203,Bony fishes
tanais dulongii,NA,Crustaceans
tanystylum grossifemorum,NA,Crustaceans
tanystylum orbiculare,NA,Crustaceans
taractes asper,18156550,Bony fishes
taranetzella lyoderma,NA,Bony fishes
taranis moerchii,NA,Molluscs
tarletonbeania taylori,130353324,Bony fishes
tarsaster alaskanus,NA,Echinoderms
taurulus bubalis,198741,Bony fishes
tautogolabrus adspersus,187448,Bony fishes
tedania massa,NA,Sponges
telmessus cheiragonus,NA,Crustaceans
temnocora candida,NA,Bony fishes
tentorium semisuberites,NA,Sponges
terebellides stroemii,NA,Polychaetes
tethya aurantium,NA,Sponges
tetragonurus cuvieri,198716,Bony fishes
thalassobathia pelagica,154798,Bony fishes
thaleichthys pacificus,202415,Bony fishes
thamnaconus tessellatus,70011736,Bony fishes
thaumastocheles massonktenos,NA,Crustaceans
thelepus cincinnatus,NA,Polychaetes
thelepus setosus,NA,Polychaetes
themisto abyssorum,NA,Crustaceans
themisto libellula,NA,Crustaceans
thenea muricata,NA,Sponges
thesbia nana,NA,Molluscs
thesea solitaria,NA,Corals and anemones
theta chariessa,NA,Molluscs
thia scutellata,NA,Crustaceans
thracia devexa,NA,Molluscs
thracia septentrionalis,NA,Molluscs
thracia trapezoides,NA,Molluscs
thunnus orientalis,170341,Bony fishes
thunnus thynnus,21860,Bony fishes
thuridilla picta,NA,Molluscs
thyone inermis,NA,Echinoderms
thysanoessa inermis,NA,Crustaceans
thysanoessa longicaudata,NA,Crustaceans
thysanoessa longipes,NA,Crustaceans
thysanoessa raschii,NA,Crustaceans
thysanoessa spinifera,NA,Crustaceans
thysanopoda cornuta,NA,Crustaceans
thysanopoda orientalis,NA,Crustaceans
tilesina gibbosa,NA,Bony fishes
timarete anchylochaeta,NA,Polychaetes
tmetonyx cicada,NA,Crustaceans
torellia delicata,NA,Molluscs
trachinus draco,198719,Bony fishes
trachipterus arcticus,18127641,Bony fishes
trachipterus ishikawae,123376199,Bony fishes
trachonurus villosus,NA,Bony fishes
trachurus trachurus,198647,Bony fishes
trachyrincus murrayi,NA,Bony fishes
tribolodon brandtii,NA,Bony fishes
trichobranchus glacialis,NA,Polychaetes
trichocottus brashnikovi,NA,Bony fishes
trichodon trichodon,NA,Bony fishes
triglops forficatus,154790,Bony fishes
triglops macellus,NA,Bony fishes
triglops metopias,NA,Bony fishes
triglops murrayi,NA,Bony fishes
triglops nybelini,NA,Bony fishes
triglops pingelii,NA,Bony fishes
triglops scepticus,NA,Bony fishes
triglops xenostethus,NA,Bony fishes
trigonolampa miriceps,18257684,Bony fishes
triopha catalinae,NA,Molluscs
triphoturus oculeum,129511241,Bony fishes
trisopterus esmarkii,18125208,Bony fishes
trisopterus luscus,NA,Bony fishes
trisopterus minutus,NA,Bony fishes
tritia incrassata,NA,Molluscs
tritonia tetraquetra,NA,Molluscs
trochoderma elegans,NA,Echinoderms
truncatoflabellum paripavoninum,NA,Corals and anemones
trypanosyllis gigantea,NA,Polychaetes
turbonilla amoena,NA,Molluscs
turrisipho lachesis,NA,Molluscs
turrisipho voeringi,NA,Molluscs
turritellinella tricarinata,NA,Molluscs
tursiops truncatus,22563,Marine mammals
tursiops truncatus,133714,Marine mammals
tursiops truncatus,134822416,Marine mammals
turtonia minuta,NA,Molluscs
typhlotanais aequiremis,NA,Crustaceans
typhlotanais brevicornis,NA,Crustaceans
typhlotanais finmarchicus,NA,Crustaceans
typhlotanais tenuicornis,NA,Crustaceans
uncisudis quadrimaculata,67966420,Bony fishes
uranoscopus japonicus,155057,Bony fishes
urasterias lincki,NA,Echinoderms
uria aalge,22694841,Seabirds
uria lomvia,22694847,Seabirds
urophycis tenuis,NA,Bony fishes
ursus maritimus,22823,Marine mammals
urticina columbiana,NA,Corals and anemones
urticina coriacea,NA,Corals and anemones
urticina crassicornis,NA,Corals and anemones
urticina eques,NA,Corals and anemones
urticina felina,NA,Corals and anemones
urticina piscivora,NA,Corals and anemones
vaughanella concinna,NA,Corals and anemones
velutina plicatilis,NA,Molluscs
velutina velutina,NA,Molluscs
venefica multiporosa,NA,Bony fishes
venefica proboscidea,199373,Bony fishes
venefica tentaculata,154803,Bony fishes
venerupis corrugata,NA,Molluscs
ventrifossa johnboborum,NA,Bony fishes
ventrifossa longibarbata,NA,Bony fishes
ventrifossa paxtoni,NA,Bony fishes
ventrifossa rhipidodorsalis,NA,Bony fishes
ventrifossa saikaiensis,NA,Bony fishes
verasper moseri,158637880,Bony fishes
vitreledonella richardi,162988,Cephalopods
volutopsius norwegicus,NA,Molluscs
xema sabini,22694479,Seabirds
xenodermichthys copei,15149335,Bony fishes
xiphias gladius,23148,Bony fishes
xiphias gladius,23149,Bony fishes
xyelacyba myersi,135401118,Bony fishes
zameus squamulosus,60215,Elasmobranchs
zaprora silenus,NA,Bony fishes
zesticelus profundorum,NA,Bony fishes
zeugopterus punctatus,18238431,Bony fishes
zeus faber,198769,Bony fishes
ziminella salmonacea,NA,Molluscs
ziphius cavirostris,23211,Marine mammals
zoarces americanus,NA,Bony fishes
zoarces elongatus,NA,Bony fishes
zoarces viviparus,NA,Bony fishes
zoroaster ophiurus,NA,Echinoderms
